Warning: Teleporting vehicle '119'; waited too long (yield), lane='42790161#2_2', time=430.00.
Warning: Teleporting vehicle '288'; waited too long (jam), lane=':766056686_0_2', time=456.00.
Warning: Vehicle '288' ends teleporting on edge '42790161#2', time=456.00.
Warning: Teleporting vehicle '65'; waited too long (yield), lane='1190301745#0_0', time=505.00.
Warning: Teleporting vehicle '248'; waited too long (yield), lane='-621271003_0', time=534.00.
Warning: Teleporting vehicle '82'; waited too long (yield), lane='622835372_2', time=547.00.
Warning: Vehicle '65' ends teleporting on edge '621271003', time=574.00.
Warning: Teleporting vehicle '142'; waited too long (yield), lane='-621271001_0', time=585.00.
Warning: Vehicle '119' ends teleporting on edge '-621271001', time=585.00.
Warning: Teleporting vehicle '183'; waited too long (yield), lane='623540942#0_2', time=594.00.
Warning: Vehicle '248' teleports beyond arrival edge '-621271001', time=602.00.
Warning: Vehicle '82' ends teleporting on edge '621271003', time=616.00.
Warning: Vehicle '142' ends teleporting on edge '380081148#0', time=654.00.
Warning: Teleporting vehicle '598'; waited too long (yield), lane='380081149#1_0', time=679.00.
Warning: Teleporting vehicle '270'; waited too long (wrong lane), lane='623540942#0_0', time=681.00.
Warning: Teleporting vehicle '693'; waited too long (jam), lane='42790161#2_2', time=692.00.
Warning: Vehicle '693' ends teleporting on edge '623540942#0', time=692.00.
Warning: Teleporting vehicle '802'; waited too long (yield), lane='42790161#2_1', time=739.00.
Warning: Vehicle '802' ends teleporting on edge '623540942#0', time=739.00.
Warning: Vehicle '270' teleports beyond arrival edge '-621271001', time=749.00.
Warning: Vehicle '183' teleports beyond arrival edge '-7521008#1', time=759.00.
Warning: Teleporting vehicle '111'; waited too long (yield), lane='1190301745#0_0', time=849.00.
Warning: Teleporting vehicle '163'; waited too long (yield), lane='-621271001_0', time=889.00.
Warning: Teleporting vehicle '787'; waited too long (yield), lane='622835372_0', time=897.00.
Warning: Teleporting vehicle '207'; waited too long (wrong lane), lane='623540942#0_1', time=897.00.
Warning: Teleporting vehicle '423'; waited too long (wrong lane), lane='623540942#0_1', time=898.00.
Warning: Teleporting vehicle '255'; waited too long (yield), lane='-621271003_0', time=898.00.
Warning: Vehicle '163' ends teleporting on edge '-1190301745#0', time=899.00.
Warning: Vehicle '111' ends teleporting on edge '621271001', time=901.00.
Warning: Vehicle '207' ends teleporting on edge '-621271001', time=903.00.
Warning: Teleporting vehicle '106'; waited too long (yield), lane='622835372_2', time=910.00.
Warning: Vehicle '787' teleports beyond arrival edge '-1190301745#0', time=918.00.
Warning: Vehicle '106' ends teleporting on edge '621271001', time=938.00.
Warning: Vehicle '255' ends teleporting on edge '4761588#1', time=967.00.
Warning: Vehicle '423' ends teleporting on edge '4761588#1', time=967.00.
Warning: Teleporting vehicle '880'; waited too long (yield), lane='42790161#2_0', time=996.00.
Warning: Vehicle '880' ends teleporting on edge '623540942#0', time=996.00.
Warning: Teleporting vehicle '149'; waited too long (yield), lane='42790161#2_2', time=999.00.
Warning: Teleporting vehicle '626'; waited too long (yield), lane='380081149#1_0', time=1011.00.
Warning: Vehicle '626' ends teleporting on edge '623540942#0', time=1011.00.
Warning: Teleporting vehicle '795'; waited too long (jam), lane='42790161#2_1', time=1044.00.
Warning: Vehicle '795' ends teleporting on edge '623540942#0', time=1044.00.
Warning: Teleporting vehicle '266'; waited too long (jam), lane='-621271003_0', time=1203.00.
Warning: Teleporting vehicle '589'; waited too long (wrong lane), lane='623540942#0_0', time=1204.00.
Warning: Teleporting vehicle '229'; waited too long (wrong lane), lane='623540942#0_1', time=1204.00.
Warning: Teleporting vehicle '122'; waited too long (yield), lane='623540942#0_2', time=1205.00.
Warning: Teleporting vehicle '207'; waited too long (jam), lane='-621271001_0', time=1205.00.
Warning: Vehicle '122' ends teleporting on edge '-621271001', time=1205.00.
Warning: Teleporting vehicle '133'; waited too long (yield), lane='622835372_2', time=1214.00.
Warning: Vehicle '598' teleports beyond arrival edge '1190301745#0', time=1232.00.
Warning: Teleporting vehicle '159'; waited too long (jam), lane='7521008#0_0', time=1249.00.
Warning: Vehicle '207' teleports beyond arrival edge '-7521008#1', time=1263.00.
Warning: Vehicle '149' teleports beyond arrival edge '-1190301745#0', time=1267.00.
Warning: Vehicle '159' teleports beyond arrival edge '1190301745#0', time=1278.00.
Warning: Teleporting vehicle '739'; waited too long (jam), lane='-1190301745#0_0', time=1285.00.
Warning: Vehicle '266' ends teleporting on edge '-1190301745#0', time=1285.00.
Warning: Teleporting vehicle '1122'; waited too long (yield), lane='622835372_0', time=1288.00.
Warning: Vehicle '1122' ends teleporting on edge '-1190301745#0', time=1288.00.
Warning: Teleporting vehicle '114'; waited too long (yield), lane='1190301745#0_0', time=1291.00.
Warning: Vehicle '133' ends teleporting on edge '-621271001', time=1294.00.
Warning: Teleporting vehicle '153'; waited too long (jam), lane='42790161#2_2', time=1304.00.
Warning: Vehicle '153' ends teleporting on edge '623540942#0', time=1304.00.
Warning: Vehicle '114' ends teleporting on edge '621271001', time=1308.00.
Warning: Vehicle '229' teleports beyond arrival edge '621271001', time=1340.00.
Warning: Vehicle '589' teleports beyond arrival edge '621271001', time=1340.00.
Warning: Teleporting vehicle '872'; waited too long (yield), lane='42790161#2_1', time=1348.00.
Warning: Vehicle '872' ends teleporting on edge '623540942#0', time=1348.00.
Warning: Vehicle '739' teleports beyond arrival edge '-7521008#1', time=1413.00.
Warning: Teleporting vehicle '427'; waited too long (wrong lane), lane='623540942#0_1', time=1510.00.
Warning: Teleporting vehicle '187'; waited too long (yield), lane='623540942#0_2', time=1511.00.
Warning: Vehicle '187' teleports beyond arrival edge '-621271001', time=1579.00.
Warning: Teleporting vehicle '1894'; waited too long (jam), lane='42790161#2_0', time=1594.00.
Warning: Teleporting vehicle '186'; waited too long (jam), lane='7521008#0_0', time=1604.00.
Warning: Teleporting vehicle '288'; waited too long (yield), lane='42790161#2_2', time=1608.00.
Warning: Teleporting vehicle '334'; waited too long (yield), lane='-621271003_0', time=1609.00.
Warning: Teleporting vehicle '174'; waited too long (yield), lane='622835372_2', time=1620.00.
Warning: Vehicle '186' ends teleporting on edge '4761588#1', time=1634.00.
Warning: Teleporting vehicle '1164'; waited too long (yield), lane='622835372_0', time=1644.00.
Warning: Vehicle '427' teleports beyond arrival edge '-1190301745#0', time=1646.00.
Warning: Vehicle '1164' ends teleporting on edge '-1190301745#0', time=1648.00.
Warning: Teleporting vehicle '170'; waited too long (yield), lane='-621271001_0', time=1652.00.
Warning: Teleporting vehicle '125'; waited too long (yield), lane='1190301745#0_0', time=1652.00.
Warning: Vehicle '334' ends teleporting on edge '-621271001', time=1652.00.
Warning: Teleporting vehicle '1077'; waited too long (jam), lane='42790161#2_1', time=1655.00.
Warning: Vehicle '174' ends teleporting on edge '380081148#0', time=1689.00.
Warning: Vehicle '1894' teleports beyond arrival edge '623540942#0', time=1694.00.
Warning: Vehicle '170' teleports beyond arrival edge '621271001', time=1720.00.
Warning: Vehicle '125' ends teleporting on edge '380081148#0', time=1721.00.
Warning: Vehicle '1077' teleports beyond arrival edge '623540942#0', time=1755.00.
Warning: Vehicle '288' ends teleporting on edge '4761588#1', time=1809.00.
Warning: Teleporting vehicle '451'; waited too long (wrong lane), lane='623540942#0_1', time=1815.00.
Warning: Teleporting vehicle '262'; waited too long (wrong lane), lane='623540942#0_1', time=1816.00.
Warning: Vehicle '262' ends teleporting on edge '-621271001', time=1819.00.
Warning: Teleporting vehicle '832'; waited too long (yield), lane='380081149#1_0', time=1844.00.
Warning: Vehicle '451' teleports beyond arrival edge '-621271001', time=1849.00.
Warning: Teleporting vehicle '176'; waited too long (jam), lane='42790161#2_2', time=1952.00.
Warning: Vehicle '832' ends teleporting on edge '-621271001', time=1983.00.
Warning: Teleporting vehicle '2164'; waited too long (yield), lane='42790161#2_0', time=2147.00.
Warning: Vehicle '2164' ends teleporting on edge '623540942#0', time=2147.00.
Warning: Teleporting vehicle '842'; waited too long (jam), lane='380081149#1_0', time=2148.00.
Warning: Teleporting vehicle '1412'; waited too long (yield), lane='42790161#2_0', time=2149.00.
Warning: Vehicle '1412' ends teleporting on edge '623540942#0', time=2149.00.
Warning: Vehicle '176' teleports beyond arrival edge '-1190301745#0', time=2220.00.
Warning: Teleporting vehicle '445'; waited too long (jam), lane='-621271003_0', time=2224.00.
Warning: Teleporting vehicle '206'; waited too long (yield), lane='621271001_0', time=2241.00.
Warning: Teleporting vehicle '322'; waited too long (yield), lane='622835372_2', time=2246.00.
Warning: Teleporting vehicle '274'; waited too long (yield), lane='42790161#2_2', time=2259.00.
Warning: Vehicle '445' ends teleporting on edge '4761588#1', time=2293.00.
Warning: Teleporting vehicle '301'; waited too long (wrong lane), lane='623540942#0_1', time=2294.00.
Warning: Teleporting vehicle '329'; waited too long (wrong lane), lane='623540942#0_1', time=2295.00.
Warning: Teleporting vehicle '153'; waited too long (jam), lane='623540942#0_2', time=2295.00.
Warning: Vehicle '274' ends teleporting on edge '623540942#0', time=2295.00.
Warning: Vehicle '206' teleports beyond arrival edge '-621271001', time=2309.00.
Warning: Vehicle '322' teleports beyond arrival edge '-621271001', time=2360.00.
Warning: Vehicle '842' teleports beyond arrival edge '-7521008#1', time=2445.00.
Warning: Teleporting vehicle '877'; waited too long (yield), lane='380081149#1_0', time=2453.00.
Warning: Teleporting vehicle '1757'; waited too long (yield), lane='42790161#2_1', time=2455.00.
Warning: Vehicle '301' teleports beyond arrival edge '-7521008#1', time=2459.00.
Warning: Vehicle '153' teleports beyond arrival edge '-7521008#1', time=2460.00.
Warning: Teleporting vehicle '1071'; waited too long (jam), lane='380081149#0_0', time=2474.00.
Warning: Teleporting vehicle '463'; waited too long (yield), lane='-621271003_0', time=2529.00.
Warning: Teleporting vehicle '340'; waited too long (yield), lane='622835372_2', time=2550.00.
Warning: Vehicle '877' teleports beyond arrival edge '623540942#0', time=2553.00.
Warning: Vehicle '1757' ends teleporting on edge '380081148#0', time=2556.00.
Warning: Teleporting vehicle '226'; waited too long (yield), lane='1190301745#0_0', time=2558.00.
Warning: Teleporting vehicle '234'; waited too long (jam), lane='7521008#0_0', time=2561.00.
Warning: Vehicle '234' ends teleporting on edge '1190301745#0', time=2561.00.
Warning: Vehicle '329' ends teleporting on edge '7521008#0', time=2561.00.
Warning: Teleporting vehicle '320'; waited too long (jam), lane='42790161#2_2', time=2563.00.
Warning: Teleporting vehicle '408'; waited too long (jam), lane=':766056686_0_2', time=2577.00.
Warning: Teleporting vehicle '731'; waited too long (wrong lane), lane='623540942#0_1', time=2599.00.
Warning: Teleporting vehicle '139'; waited too long (yield), lane='623540942#0_2', time=2599.00.
Warning: Vehicle '320' ends teleporting on edge '623540942#0', time=2599.00.
Warning: Teleporting vehicle '3054'; waited too long (yield), lane='622835372_0', time=2604.00.
Warning: Teleporting vehicle '197'; waited too long (yield), lane='621271001_0', time=2607.00.
Warning: Vehicle '226' ends teleporting on edge '621271001', time=2607.00.
Warning: Vehicle '463' ends teleporting on edge '-1190301745#0', time=2607.00.
Warning: Teleporting vehicle '2385'; waited too long (yield), lane='42790161#2_0', time=2611.00.
Warning: Vehicle '2385' ends teleporting on edge '623540942#0', time=2611.00.
Warning: Vehicle '340' teleports beyond arrival edge '621271001', time=2618.00.
Warning: Teleporting vehicle '412'; waited too long (yield), lane='-621271001_0', time=2620.00.
Warning: Vehicle '412' ends teleporting on edge '4761588#1', time=2620.00.
Warning: Vehicle '3054' teleports beyond arrival edge '-1190301745#0', time=2622.00.
Warning: Teleporting vehicle '58'; waited too long (jam), lane='623540942#0_2', time=2629.00.
Warning: Vehicle '408' ends teleporting on edge '623540942#0', time=2633.00.
Warning: Vehicle '1071' ends teleporting on edge '623540942#0', time=2633.00.
Warning: Teleporting vehicle '204'; waited too long (yield), lane='621271001_0', time=2668.00.
Warning: Vehicle '139' ends teleporting on edge '4761588#1', time=2668.00.
Warning: Vehicle '731' ends teleporting on edge '621271001', time=2669.00.
Warning: Vehicle '197' ends teleporting on edge '-1190301745#0', time=2677.00.
Warning: Vehicle '58' ends teleporting on edge '4761588#1', time=2698.00.
Warning: Vehicle '204' ends teleporting on edge '4761588#1', time=2737.00.
Warning: Teleporting vehicle '1782'; waited too long (jam), lane='42790161#2_2', time=2760.00.
Warning: Vehicle '1782' ends teleporting on edge '623540942#0', time=2760.00.
Warning: Teleporting vehicle '464'; waited too long (yield), lane='-621271003_0', time=2835.00.
Warning: Teleporting vehicle '271'; waited too long (yield), lane='1190301745#0_0', time=2927.00.
Warning: Teleporting vehicle '273'; waited too long (jam), lane='7521008#0_0', time=2930.00.
Warning: Vehicle '273' ends teleporting on edge '1190301745#0', time=2930.00.
Warning: Teleporting vehicle '370'; waited too long (jam), lane='623540942#0_2', time=2934.00.
Warning: Vehicle '464' teleports beyond arrival edge '621271001', time=2971.00.
Warning: Teleporting vehicle '233'; waited too long (yield), lane='621271001_0', time=2975.00.
Warning: Teleporting vehicle '2097'; waited too long (yield), lane='42790161#2_1', time=2980.00.
Warning: Vehicle '2097' ends teleporting on edge '623540942#0', time=2980.00.
Warning: Teleporting vehicle '3546'; waited too long (yield), lane='622835372_0', time=2985.00.
Warning: Vehicle '271' teleports beyond arrival edge '-7521008#1', time=2985.00.
Warning: Teleporting vehicle '401'; waited too long (yield), lane='622835372_2', time=2986.00.
Warning: Vehicle '370' ends teleporting on edge '4761588#1', time=3003.00.
Warning: Teleporting vehicle '2936'; waited too long (yield), lane='42790161#2_0', time=3045.00.
Warning: Vehicle '2936' ends teleporting on edge '623540942#0', time=3045.00.
Warning: Vehicle '401' ends teleporting on edge '380081148#0', time=3055.00.
Warning: Teleporting vehicle '331'; waited too long (yield), lane='42790161#2_2', time=3069.00.
Warning: Vehicle '3546' ends teleporting on edge '7521008#0', time=3107.00.
Warning: Vehicle '233' teleports beyond arrival edge '-1190301745#0', time=3111.00.
Warning: Teleporting vehicle '473'; waited too long (yield), lane='-621271003_0', time=3141.00.
Warning: Teleporting vehicle '741'; waited too long (wrong lane), lane='623540942#0_1', time=3239.00.
Warning: Teleporting vehicle '71'; waited too long (jam), lane='623540942#0_2', time=3239.00.
Warning: Teleporting vehicle '898'; waited too long (yield), lane='380081149#1_0', time=3269.00.
Warning: Teleporting vehicle '881'; waited too long (wrong lane), lane='623540942#0_0', time=3271.00.
Warning: Vehicle '898' ends teleporting on edge '623540942#0', time=3280.00.
Warning: Teleporting vehicle '1188'; waited too long (jam), lane='380081149#0_0', time=3289.00.
Warning: Vehicle '473' teleports beyond arrival edge '-7521008#1', time=3306.00.
Warning: Vehicle '71' ends teleporting on edge '4761588#1', time=3308.00.
Warning: Vehicle '741' ends teleporting on edge '4761588#1', time=3308.00.
Warning: Vehicle '881' teleports beyond arrival edge '-621271001', time=3339.00.
Warning: Teleporting vehicle '3012'; waited too long (yield), lane='42790161#2_0', time=3349.00.
Warning: Vehicle '3012' ends teleporting on edge '623540942#0', time=3349.00.
Warning: Teleporting vehicle '600'; waited too long (yield), lane='622835372_2', time=3354.00.
Warning: Teleporting vehicle '108'; waited too long (jam), lane='-621271001_0', time=3364.00.
Warning: Vehicle '331' teleports beyond arrival edge '-7521008#1', time=3366.00.
Warning: Teleporting vehicle '287'; waited too long (yield), lane='1190301745#0_0', time=3391.00.
Warning: Vehicle '287' teleports beyond arrival edge '-1190301745#0', time=3420.00.
Warning: Teleporting vehicle '4055'; waited too long (yield), lane='622835372_0', time=3443.00.
Warning: Teleporting vehicle '514'; waited too long (jam), lane='-621271003_0', time=3447.00.
Warning: Vehicle '1188' ends teleporting on edge '623540942#0', time=3448.00.
Warning: Vehicle '514' ends teleporting on edge '-621271001', time=3449.00.
Warning: Vehicle '600' teleports beyond arrival edge '-621271001', time=3490.00.
Warning: Teleporting vehicle '68'; waited too long (jam), lane='623540942#0_2', time=3544.00.
Warning: Teleporting vehicle '906'; waited too long (jam), lane='380081149#1_0', time=3574.00.
Warning: Teleporting vehicle '2766'; waited too long (yield), lane='42790161#2_1', time=3583.00.
Warning: Vehicle '2766' ends teleporting on edge '623540942#0', time=3583.00.
Warning: Teleporting vehicle '389'; waited too long (yield), lane='42790161#2_2', time=3585.00.
Warning: Teleporting vehicle '1193'; waited too long (jam), lane='380081149#0_0', time=3594.00.
Warning: Teleporting vehicle '3732'; waited too long (jam), lane=':766056686_0_1', time=3597.00.
Warning: Teleporting vehicle '111'; waited too long (jam), lane='7521008#0_0', time=390.00.
Warning: Teleporting vehicle '59'; waited too long (yield), lane='621271001_0', time=407.00.
Warning: Teleporting vehicle '202'; waited too long (yield), lane='-621271003_0', time=412.00.
Warning: Teleporting vehicle '65'; waited too long (yield), lane='1190301745#0_0', time=440.00.
Warning: Vehicle '111' ends teleporting on edge '380081148#0', time=449.00.
Warning: Vehicle '59' teleports beyond arrival edge '-621271001', time=475.00.
Warning: Teleporting vehicle '70'; waited too long (yield), lane='-621271001_0', time=480.00.
Warning: Vehicle '202' ends teleporting on edge '-621271001', time=480.00.
Warning: Teleporting vehicle '119'; waited too long (yield), lane='42790161#2_2', time=509.00.
Warning: Vehicle '65' ends teleporting on edge '621271003', time=509.00.
Warning: Vehicle '70' teleports beyond arrival edge '621271001', time=548.00.
Warning: Vehicle '119' teleports beyond arrival edge '-621271001', time=709.00.
Warning: Teleporting vehicle '248'; waited too long (yield), lane='-621271003_0', time=716.00.
Warning: Teleporting vehicle '53'; waited too long (yield), lane='621271001_0', time=718.00.
Warning: Teleporting vehicle '174'; waited too long (yield), lane='622835372_2', time=728.00.
Warning: Vehicle '174' ends teleporting on edge '621271001', time=729.00.
Warning: Teleporting vehicle '880'; waited too long (jam), lane='42790161#2_1', time=747.00.
Warning: Vehicle '880' ends teleporting on edge '623540942#0', time=747.00.
Warning: Vehicle '248' teleports beyond arrival edge '-621271001', time=784.00.
Warning: Vehicle '53' teleports beyond arrival edge '-621271001', time=786.00.
Warning: Teleporting vehicle '0'; waited too long (jam), lane='-621271001_0', time=791.00.
Warning: Teleporting vehicle '979'; waited too long (yield), lane='42790161#2_0', time=798.00.
Warning: Vehicle '979' ends teleporting on edge '623540942#0', time=798.00.
Warning: Teleporting vehicle '262'; waited too long (wrong lane), lane='623540942#0_1', time=799.00.
Warning: Teleporting vehicle '187'; waited too long (yield), lane='623540942#0_2', time=801.00.
Warning: Teleporting vehicle '598'; waited too long (wrong lane), lane='623540942#0_0', time=848.00.
Warning: Vehicle '187' ends teleporting on edge '-621271001', time=862.00.
Warning: Vehicle '262' teleports beyond arrival edge '621271001', time=889.00.
Warning: Teleporting vehicle '149'; waited too long (yield), lane='42790161#2_2', time=899.00.
Warning: Teleporting vehicle '251'; waited too long (yield), lane='-621271003_0', time=1021.00.
Warning: Teleporting vehicle '206'; waited too long (yield), lane='622835372_2', time=1034.00.
Warning: Vehicle '0' teleports beyond arrival edge '1190301745#0', time=1081.00.
Warning: Vehicle '251' ends teleporting on edge '4761588#1', time=1090.00.
Warning: Teleporting vehicle '133'; waited too long (yield), lane='621271001_0', time=1111.00.
Warning: Vehicle '149' teleports beyond arrival edge '-1190301745#0', time=1167.00.
Warning: Vehicle '206' teleports beyond arrival edge '-621271001', time=1170.00.
Warning: Teleporting vehicle '123'; waited too long (yield), lane='623540942#0_2', time=1179.00.
Warning: Vehicle '133' teleports beyond arrival edge '-621271001', time=1179.00.
Warning: Teleporting vehicle '731'; waited too long (wrong lane), lane='623540942#0_0', time=1194.00.
Warning: Teleporting vehicle '816'; waited too long (yield), lane='380081149#1_0', time=1202.00.
Warning: Teleporting vehicle '1028'; waited too long (jam), lane='380081149#0_0', time=1224.00.
Warning: Teleporting vehicle '176'; waited too long (yield), lane='42790161#2_2', time=1232.00.
Warning: Vehicle '598' teleports beyond arrival edge '1190301745#0', time=1238.00.
Warning: Teleporting vehicle '1258'; waited too long (yield), lane='42790161#2_1', time=1240.00.
Warning: Vehicle '1258' ends teleporting on edge '623540942#0', time=1240.00.
Warning: Vehicle '123' ends teleporting on edge '4761588#1', time=1248.00.
Warning: Teleporting vehicle '1906'; waited too long (jam), lane=':766056686_0_1', time=1265.00.
Warning: Vehicle '1906' ends teleporting on edge '623540942#0', time=1321.00.
Warning: Teleporting vehicle '255'; waited too long (yield), lane='-621271003_0', time=1327.00.
Warning: Vehicle '731' teleports beyond arrival edge '621271001', time=1330.00.
Warning: Vehicle '1028' teleports beyond arrival edge '380081149#1', time=1382.00.
Warning: Vehicle '255' ends teleporting on edge '4761588#1', time=1396.00.
Warning: Vehicle '816' teleports beyond arrival edge '-621271001', time=1402.00.
Warning: Teleporting vehicle '240'; waited too long (yield), lane='622835372_2', time=1425.00.
Warning: Teleporting vehicle '170'; waited too long (yield), lane=':cluster_30406198_7161921427_7161921428_4_0', time=1431.00.
Warning: Teleporting vehicle '196'; waited too long (yield), lane='1190301745#0_0', time=1439.00.
Warning: Teleporting vehicle '226'; waited too long (jam), lane='7521008#0_0', time=1442.00.
Warning: Vehicle '226' ends teleporting on edge '1190301745#0', time=1444.00.
Warning: Teleporting vehicle '421'; waited too long (wrong lane), lane='623540942#0_1', time=1483.00.
Warning: Teleporting vehicle '370'; waited too long (yield), lane='623540942#0_2', time=1483.00.
Warning: Vehicle '176' ends teleporting on edge '-1190301745#0', time=1485.00.
Warning: Teleporting vehicle '1306'; waited too long (yield), lane='622835372_0', time=1488.00.
Warning: Vehicle '1306' ends teleporting on edge '-1190301745#0', time=1488.00.
Warning: Vehicle '240' ends teleporting on edge '621271003', time=1494.00.
Warning: Vehicle '196' teleports beyond arrival edge '-7521008#1', time=1497.00.
Warning: Vehicle '170' teleports beyond arrival edge '621271001', time=1499.00.
Warning: Teleporting vehicle '832'; waited too long (jam), lane='380081149#1_0', time=1507.00.
Warning: Teleporting vehicle '1276'; waited too long (yield), lane='42790161#2_1', time=1511.00.
Warning: Vehicle '1276' ends teleporting on edge '623540942#0', time=1511.00.
Warning: Teleporting vehicle '1068'; waited too long (jam), lane='380081149#0_0', time=1528.00.
Warning: Teleporting vehicle '1292'; waited too long (jam), lane='42790161#2_0', time=1547.00.
Warning: Vehicle '1292' ends teleporting on edge '623540942#0', time=1547.00.
Warning: Vehicle '370' ends teleporting on edge '4761588#1', time=1552.00.
Warning: Vehicle '421' teleports beyond arrival edge '-7521008#1', time=1648.00.
Warning: Vehicle '1068' ends teleporting on edge '623540942#0', time=1687.00.
Warning: Teleporting vehicle '284'; waited too long (jam), lane='-621271003_0', time=1744.00.
Warning: Teleporting vehicle '105'; waited too long (yield), lane='621271001_0', time=1759.00.
Warning: Vehicle '832' ends teleporting on edge '621271001', time=1759.00.
Warning: Teleporting vehicle '322'; waited too long (yield), lane='622835372_2', time=1764.00.
Warning: Teleporting vehicle '842'; waited too long (yield), lane='380081149#1_0', time=1813.00.
Warning: Vehicle '284' ends teleporting on edge '4761588#1', time=1813.00.
Warning: Teleporting vehicle '1286'; waited too long (jam), lane='42790161#2_1', time=1816.00.
Warning: Vehicle '1286' ends teleporting on edge '623540942#0', time=1821.00.
Warning: Vehicle '105' teleports beyond arrival edge '-621271001', time=1827.00.
Warning: Teleporting vehicle '1075'; waited too long (jam), lane='380081149#0_0', time=1832.00.
Warning: Vehicle '322' teleports beyond arrival edge '-621271001', time=1873.00.
Warning: Teleporting vehicle '298'; waited too long (yield), lane='-621271003_0', time=2049.00.
Warning: Teleporting vehicle '108'; waited too long (yield), lane='621271001_0', time=2066.00.
Warning: Teleporting vehicle '340'; waited too long (yield), lane='622835372_2', time=2069.00.
Warning: Teleporting vehicle '207'; waited too long (yield), lane='-621271001_0', time=2082.00.
Warning: Vehicle '108' ends teleporting on edge '-621271001', time=2082.00.
Warning: Teleporting vehicle '247'; waited too long (yield), lane='1190301745#0_0', time=2083.00.
Warning: Teleporting vehicle '213'; waited too long (yield), lane='623540942#0_2', time=2091.00.
Warning: Vehicle '1075' ends teleporting on edge '623540942#0', time=2091.00.
Warning: Teleporting vehicle '451'; waited too long (wrong lane), lane='623540942#0_1', time=2108.00.
Warning: Vehicle '842' teleports beyond arrival edge '-7521008#1', time=2110.00.
Warning: Vehicle '298' ends teleporting on edge '4761588#1', time=2118.00.
Warning: Teleporting vehicle '877'; waited too long (yield), lane='380081149#1_0', time=2119.00.
Warning: Vehicle '877' ends teleporting on edge '623540942#0', time=2119.00.
Warning: Teleporting vehicle '1412'; waited too long (jam), lane='42790161#2_1', time=2123.00.
Warning: Vehicle '1412' ends teleporting on edge '623540942#0', time=2123.00.
Warning: Teleporting vehicle '301'; waited too long (jam), lane='-621271001_0', time=2130.00.
Warning: Vehicle '213' ends teleporting on edge '-621271001', time=2131.00.
Warning: Vehicle '340' teleports beyond arrival edge '621271001', time=2137.00.
Warning: Teleporting vehicle '1085'; waited too long (jam), lane='380081149#0_0', time=2139.00.
Warning: Vehicle '207' teleports beyond arrival edge '-7521008#1', time=2140.00.
Warning: Teleporting vehicle '320'; waited too long (yield), lane='42790161#2_2', time=2141.00.
Warning: Teleporting vehicle '1820'; waited too long (yield), lane='622835372_0', time=2142.00.
Warning: Vehicle '247' teleports beyond arrival edge '621271001', time=2151.00.
Warning: Vehicle '301' teleports beyond arrival edge '-7521008#1', time=2175.00.
Warning: Vehicle '451' teleports beyond arrival edge '-621271001', time=2176.00.
Warning: Vehicle '1085' teleports beyond arrival edge '380081149#1', time=2297.00.
Warning: Teleporting vehicle '300'; waited too long (yield), lane='-621271003_0', time=2354.00.
Warning: Teleporting vehicle '1075'; waited too long (yield), lane='623540942#0_2', time=2392.00.
Warning: Teleporting vehicle '56'; waited too long (jam), lane='7521008#0_0', time=2392.00.
Warning: Teleporting vehicle '129'; waited too long (yield), lane='621271001_0', time=2403.00.
Warning: Teleporting vehicle '401'; waited too long (yield), lane='622835372_2', time=2413.00.
Warning: Vehicle '56' ends teleporting on edge '1190301745#0', time=2420.00.
Warning: Teleporting vehicle '2127'; waited too long (yield), lane='42790161#2_0', time=2425.00.
Warning: Teleporting vehicle '881'; waited too long (jam), lane='380081149#1_0', time=2425.00.
Warning: Vehicle '2127' ends teleporting on edge '623540942#0', time=2425.00.
Warning: Teleporting vehicle '213'; waited too long (yield), lane='-621271001_0', time=2434.00.
Warning: Vehicle '129' ends teleporting on edge '-621271001', time=2434.00.
Warning: Vehicle '213' ends teleporting on edge '-1190301745#0', time=2437.00.
Warning: Vehicle '320' teleports beyond arrival edge '-7521008#1', time=2438.00.
Warning: Teleporting vehicle '2839'; waited too long (jam), lane=':766056686_0_0', time=2439.00.
Warning: Teleporting vehicle '1188'; waited too long (jam), lane='380081149#0_0', time=2444.00.
Warning: Teleporting vehicle '1953'; waited too long (jam), lane='622835372_0', time=2446.00.
Warning: Vehicle '1820' teleports beyond arrival edge '1190301745#0', time=2456.00.
Warning: Vehicle '300' ends teleporting on edge '-1190301745#0', time=2460.00.
Warning: Teleporting vehicle '329'; waited too long (jam), lane='-621271001_0', time=2479.00.
Warning: Vehicle '1953' teleports beyond arrival edge '-7521008#1', time=2481.00.
Warning: Teleporting vehicle '331'; waited too long (jam), lane='42790161#2_2', time=2482.00.
Warning: Vehicle '401' ends teleporting on edge '380081148#0', time=2482.00.
Warning: Vehicle '2839' ends teleporting on edge '623540942#0', time=2495.00.
Warning: Vehicle '1075' ends teleporting on edge '621271001', time=2498.00.
Warning: Vehicle '1188' ends teleporting on edge '623540942#0', time=2603.00.
Warning: Vehicle '881' teleports beyond arrival edge '-621271001', time=2625.00.
Warning: Teleporting vehicle '2164'; waited too long (jam), lane='42790161#2_0', time=2636.00.
Warning: Vehicle '2164' ends teleporting on edge '623540942#0', time=2636.00.
Warning: Teleporting vehicle '304'; waited too long (yield), lane='-621271003_0', time=2658.00.
Warning: Teleporting vehicle '566'; waited too long (jam), lane='622835372_2', time=2718.00.
Warning: Vehicle '329' teleports beyond arrival edge '1190301745#0', time=2775.00.
Warning: Vehicle '331' teleports beyond arrival edge '-7521008#1', time=2779.00.
Warning: Teleporting vehicle '379'; waited too long (yield), lane='42790161#2_2', time=2792.00.
Warning: Vehicle '304' teleports beyond arrival edge '-1190301745#0', time=2794.00.
Warning: Teleporting vehicle '197'; waited too long (yield), lane='621271001_0', time=2804.00.
Warning: Teleporting vehicle '361'; waited too long (yield), lane='1190301745#0_0', time=2814.00.
Warning: Vehicle '566' teleports beyond arrival edge '-621271001', time=2854.00.
Warning: Teleporting vehicle '2495'; waited too long (yield), lane='622835372_0', time=2866.00.
Warning: Vehicle '361' ends teleporting on edge '621271001', time=2869.00.
Warning: Vehicle '197' ends teleporting on edge '-1190301745#0', time=2886.00.
Warning: Teleporting vehicle '741'; waited too long (yield), lane='623540942#0_2', time=2890.00.
Warning: Vehicle '379' ends teleporting on edge '623540942#0', time=2890.00.
Warning: Vehicle '2495' ends teleporting on edge '-1190301745#0', time=2890.00.
Warning: Teleporting vehicle '526'; waited too long (wrong lane), lane='623540942#0_1', time=2911.00.
Warning: Teleporting vehicle '771'; waited too long (jam), lane='623540942#0_2', time=2941.00.
Warning: Vehicle '526' ends teleporting on edge '-621271001', time=2941.00.
Warning: Vehicle '771' teleports beyond arrival edge '-621271001', time=2953.00.
Warning: Vehicle '741' ends teleporting on edge '4761588#1', time=2959.00.
Warning: Teleporting vehicle '334'; waited too long (yield), lane='-621271003_0', time=2964.00.
Warning: Vehicle '334' ends teleporting on edge '4761588#1', time=3033.00.
Warning: Teleporting vehicle '305'; waited too long (yield), lane='621271001_0', time=3202.00.
Warning: Teleporting vehicle '940'; waited too long (yield), lane='622835372_2', time=3212.00.
Warning: Teleporting vehicle '287'; waited too long (jam), lane='7521008#0_0', time=3251.00.
Warning: Teleporting vehicle '127'; waited too long (yield), lane='623540942#0_2', time=3267.00.
Warning: Teleporting vehicle '350'; waited too long (jam), lane='-621271003_0', time=3268.00.
Warning: Vehicle '305' ends teleporting on edge '4761588#1', time=3271.00.
Warning: Vehicle '127' ends teleporting on edge '-621271001', time=3278.00.
Warning: Vehicle '940' ends teleporting on edge '621271003', time=3281.00.
Warning: Teleporting vehicle '408'; waited too long (jam), lane='42790161#2_2', time=3294.00.
Warning: Vehicle '287' ends teleporting on edge '-1190301745#0', time=3296.00.
Warning: Teleporting vehicle '3516'; waited too long (yield), lane='622835372_0', time=3304.00.
Warning: Vehicle '350' ends teleporting on edge '-621271001', time=3313.00.
Warning: Vehicle '3516' ends teleporting on edge '-1190301745#0', time=3332.00.
Warning: Vehicle '408' teleports beyond arrival edge '-1190301745#0', time=3507.00.
Warning: Teleporting vehicle '353'; waited too long (yield), lane='-621271003_0', time=3573.00.
Warning: Teleporting vehicle '100'; waited too long (yield), lane='-621271003_0', time=359.00.
Warning: Teleporting vehicle '59'; waited too long (yield), lane='1190301745#0_0', time=418.00.
Warning: Vehicle '100' ends teleporting on edge '4761588#1', time=428.00.
Warning: Teleporting vehicle '227'; waited too long (yield), lane='623540942#0_2', time=446.00.
Warning: Teleporting vehicle '43'; waited too long (yield), lane='621271001_0', time=460.00.
Warning: Vehicle '59' ends teleporting on edge '621271001', time=460.00.
Warning: Teleporting vehicle '60'; waited too long (yield), lane='622835372_2', time=469.00.
Warning: Teleporting vehicle '70'; waited too long (yield), lane='-621271001_0', time=481.00.
Warning: Vehicle '43' ends teleporting on edge '-621271001', time=481.00.
Warning: Vehicle '227' ends teleporting on edge '4761588#1', time=515.00.
Warning: Teleporting vehicle '56'; waited too long (yield), lane='621271001_0', time=518.00.
Warning: Vehicle '60' ends teleporting on edge '380081148#0', time=538.00.
Warning: Vehicle '70' teleports beyond arrival edge '621271001', time=549.00.
Warning: Teleporting vehicle '512'; waited too long (yield), lane='622835372_0', time=566.00.
Warning: Teleporting vehicle '543'; waited too long (jam), lane='622835372_0', time=600.00.
Warning: Vehicle '512' teleports beyond arrival edge '-7521008#1', time=624.00.
Warning: Vehicle '543' teleports beyond arrival edge '-7521008#1', time=658.00.
Warning: Teleporting vehicle '121'; waited too long (jam), lane='-621271003_0', time=663.00.
Warning: Teleporting vehicle '113'; waited too long (jam), lane='7521008#0_0', time=727.00.
Warning: Vehicle '56' ends teleporting on edge '7521008#0', time=727.00.
Warning: Vehicle '121' ends teleporting on edge '4761588#1', time=732.00.
Warning: Teleporting vehicle '529'; waited too long (yield), lane='380081149#1_0', time=734.00.
Warning: Vehicle '529' ends teleporting on edge '623540942#0', time=734.00.
Warning: Teleporting vehicle '65'; waited too long (yield), lane='1190301745#0_0', time=753.00.
Warning: Vehicle '113' ends teleporting on edge '1190301745#0', time=753.00.
Warning: Teleporting vehicle '920'; waited too long (yield), lane='42790161#2_0', time=768.00.
Warning: Teleporting vehicle '274'; waited too long (yield), lane='42790161#2_2', time=768.00.
Warning: Vehicle '920' ends teleporting on edge '623540942#0', time=768.00.
Warning: Teleporting vehicle '187'; waited too long (jam), lane='623540942#0_2', time=800.00.
Warning: Vehicle '274' ends teleporting on edge '623540942#0', time=800.00.
Warning: Teleporting vehicle '207'; waited too long (wrong lane), lane='623540942#0_1', time=801.00.
Warning: Teleporting vehicle '139'; waited too long (yield), lane='-621271001_0', time=806.00.
Warning: Vehicle '139' ends teleporting on edge '4761588#1', time=806.00.
Warning: Vehicle '187' ends teleporting on edge '-621271001', time=806.00.
Warning: Teleporting vehicle '526'; waited too long (wrong lane), lane='623540942#0_0', time=807.00.
Warning: Vehicle '65' ends teleporting on edge '621271003', time=822.00.
Warning: Vehicle '207' ends teleporting on edge '-1190301745#0', time=875.00.
Warning: Vehicle '526' teleports beyond arrival edge '-7521008#1', time=972.00.
Warning: Teleporting vehicle '88'; waited too long (yield), lane='622835372_2', time=1080.00.
Warning: Teleporting vehicle '274'; waited too long (yield), lane='623540942#0_2', time=1101.00.
Warning: Teleporting vehicle '68'; waited too long (jam), lane='-621271001_0', time=1118.00.
Warning: Vehicle '274' ends teleporting on edge '-621271001', time=1118.00.
Warning: Teleporting vehicle '320'; waited too long (yield), lane='42790161#2_2', time=1121.00.
Warning: Teleporting vehicle '162'; waited too long (yield), lane='-621271003_0', time=1124.00.
Warning: Teleporting vehicle '90'; waited too long (yield), lane='1190301745#0_0', time=1139.00.
Warning: Teleporting vehicle '159'; waited too long (jam), lane='7521008#0_0', time=1144.00.
Warning: Vehicle '68' teleports beyond arrival edge '-1190301745#0', time=1147.00.
Warning: Vehicle '88' ends teleporting on edge '621271001', time=1147.00.
Warning: Vehicle '320' ends teleporting on edge '623540942#0', time=1158.00.
Warning: Vehicle '159' teleports beyond arrival edge '1190301745#0', time=1173.00.
Warning: Teleporting vehicle '1136'; waited too long (yield), lane='622835372_0', time=1189.00.
Warning: Vehicle '162' ends teleporting on edge '4761588#1', time=1193.00.
Warning: Vehicle '90' teleports beyond arrival edge '621271001', time=1207.00.
Warning: Teleporting vehicle '1202'; waited too long (jam), lane='42790161#2_1', time=1209.00.
Warning: Vehicle '1202' ends teleporting on edge '623540942#0', time=1209.00.
Warning: Teleporting vehicle '1258'; waited too long (yield), lane='42790161#2_0', time=1222.00.
Warning: Vehicle '1258' ends teleporting on edge '623540942#0', time=1222.00.
Warning: Vehicle '1136' teleports beyond arrival edge '-7521008#1', time=1247.00.
Warning: Teleporting vehicle '646'; waited too long (yield), lane='380081149#1_0', time=1283.00.
Warning: Vehicle '646' ends teleporting on edge '623540942#0', time=1283.00.
Warning: Teleporting vehicle '106'; waited too long (yield), lane='622835372_2', time=1385.00.
Warning: Teleporting vehicle '229'; waited too long (wrong lane), lane='623540942#0_1', time=1406.00.
Warning: Teleporting vehicle '158'; waited too long (jam), lane='623540942#0_2', time=1406.00.
Warning: Teleporting vehicle '589'; waited too long (wrong lane), lane='623540942#0_0', time=1411.00.
Warning: Teleporting vehicle '274'; waited too long (yield), lane='-621271001_0', time=1422.00.
Warning: Vehicle '158' ends teleporting on edge '-621271001', time=1422.00.
Warning: Teleporting vehicle '202'; waited too long (yield), lane='-621271003_0', time=1430.00.
Warning: Vehicle '106' ends teleporting on edge '621271001', time=1434.00.
Warning: Teleporting vehicle '598'; waited too long (wrong lane), lane='623540942#0_0', time=1437.00.
Warning: Teleporting vehicle '114'; waited too long (yield), lane='1190301745#0_0', time=1443.00.
Warning: Vehicle '114' ends teleporting on edge '621271001', time=1455.00.
Warning: Vehicle '274' ends teleporting on edge '621271001', time=1461.00.
Warning: Teleporting vehicle '331'; waited too long (jam), lane='42790161#2_2', time=1480.00.
Warning: Teleporting vehicle '1164'; waited too long (yield), lane='622835372_0', time=1495.00.
Warning: Vehicle '202' teleports beyond arrival edge '-621271001', time=1498.00.
Warning: Vehicle '1164' teleports beyond arrival edge '-1190301745#0', time=1499.00.
Warning: Vehicle '598' ends teleporting on edge '-1190301745#0', time=1506.00.
Warning: Vehicle '331' ends teleporting on edge '623540942#0', time=1509.00.
Warning: Teleporting vehicle '1757'; waited too long (yield), lane='42790161#2_1', time=1516.00.
Warning: Vehicle '1757' ends teleporting on edge '623540942#0', time=1524.00.
Warning: Vehicle '229' teleports beyond arrival edge '621271001', time=1542.00.
Warning: Vehicle '589' teleports beyond arrival edge '621271001', time=1547.00.
Warning: Teleporting vehicle '251'; waited too long (yield), lane='-621271003_0', time=1755.00.
Warning: Vehicle '251' ends teleporting on edge '4761588#1', time=1824.00.
Warning: Teleporting vehicle '108'; waited too long (yield), lane='621271001_0', time=1914.00.
Warning: Teleporting vehicle '228'; waited too long (yield), lane='622835372_2', time=1916.00.
Warning: Teleporting vehicle '91'; waited too long (jam), lane='623540942#0_2', time=1944.00.
Warning: Teleporting vehicle '389'; waited too long (yield), lane='42790161#2_2', time=1950.00.
Warning: Teleporting vehicle '465'; waited too long (jam), lane=':766056686_0_2', time=1961.00.
Warning: Vehicle '228' ends teleporting on edge '621271003', time=1985.00.
Warning: Teleporting vehicle '396'; waited too long (jam), lane='42790161#2_2', time=1987.00.
Warning: Vehicle '389' ends teleporting on edge '623540942#0', time=1987.00.
Warning: Vehicle '396' ends teleporting on edge '596638461#0', time=1987.00.
Warning: Teleporting vehicle '906'; waited too long (yield), lane='380081149#1_0', time=2004.00.
Warning: Teleporting vehicle '3217'; waited too long (yield), lane='42790161#2_0', time=2023.00.
Warning: Vehicle '3217' ends teleporting on edge '623540942#0', time=2023.00.
Warning: Teleporting vehicle '255'; waited too long (yield), lane='-621271003_0', time=2060.00.
Warning: Vehicle '91' teleports beyond arrival edge '-1190301745#0', time=2080.00.
Warning: Teleporting vehicle '3624'; waited too long (jam), lane=':766056686_0_0', time=2122.00.
Warning: Vehicle '255' ends teleporting on edge '4761588#1', time=2129.00.
Warning: Vehicle '3624' ends teleporting on edge '623540942#0', time=2178.00.
Warning: Vehicle '906' ends teleporting on edge '4761588#1', time=2205.00.
Warning: Teleporting vehicle '240'; waited too long (yield), lane='622835372_2', time=2220.00.
Warning: Teleporting vehicle '688'; waited too long (yield), lane='1190301745#0_0', time=2233.00.
Warning: Vehicle '108' ends teleporting on edge '1190301745#0', time=2233.00.
Warning: Vehicle '465' teleports beyond arrival edge '621271001', time=2239.00.
Warning: Teleporting vehicle '423'; waited too long (jam), lane='623540942#0_2', time=2249.00.
Warning: Teleporting vehicle '2936'; waited too long (jam), lane='42790161#2_0', time=2255.00.
Warning: Vehicle '2936' ends teleporting on edge '623540942#0', time=2255.00.
Warning: Teleporting vehicle '1820'; waited too long (yield), lane='622835372_0', time=2277.00.
Warning: Teleporting vehicle '141'; waited too long (yield), lane='621271001_0', time=2282.00.
Warning: Vehicle '240' ends teleporting on edge '621271001', time=2282.00.
Warning: Vehicle '141' ends teleporting on edge '-621271001', time=2283.00.
Warning: Vehicle '423' ends teleporting on edge '-621271001', time=2287.00.
Warning: Teleporting vehicle '408'; waited too long (yield), lane='42790161#2_2', time=2294.00.
Warning: Vehicle '688' ends teleporting on edge '380081148#0', time=2302.00.
Warning: Teleporting vehicle '2839'; waited too long (yield), lane='42790161#2_1', time=2327.00.
Warning: Vehicle '2839' ends teleporting on edge '623540942#0', time=2327.00.
Warning: Teleporting vehicle '927'; waited too long (jam), lane='380081149#1_0', time=2335.00.
Warning: Teleporting vehicle '148'; waited too long (jam), lane='621271001_0', time=2345.00.
Warning: Vehicle '148' teleports beyond arrival edge '621271001', time=2345.00.
Warning: Vehicle '408' ends teleporting on edge '623540942#0', time=2353.00.
Warning: Teleporting vehicle '1209'; waited too long (jam), lane='380081149#0_0', time=2357.00.
Warning: Teleporting vehicle '266'; waited too long (yield), lane='-621271003_0', time=2366.00.
Warning: Vehicle '266' ends teleporting on edge '-621271001', time=2403.00.
Warning: Teleporting vehicle '268'; waited too long (yield), lane='622835372_2', time=2526.00.
Warning: Vehicle '1820' teleports beyond arrival edge '1190301745#0', time=2591.00.
Warning: Vehicle '268' ends teleporting on edge '380081148#0', time=2595.00.
Warning: Vehicle '927' teleports beyond arrival edge '-7521008#1', time=2632.00.
Warning: Teleporting vehicle '173'; waited too long (yield), lane='621271001_0', time=2654.00.
Warning: Teleporting vehicle '744'; waited too long (yield), lane='1190301745#0_0', time=2661.00.
Warning: Teleporting vehicle '1315'; waited too long (jam), lane='7521008#0_0', time=2664.00.
Warning: Vehicle '1315' ends teleporting on edge '1190301745#0', time=2666.00.
Warning: Teleporting vehicle '284'; waited too long (yield), lane='-621271003_0', time=2670.00.
Warning: Teleporting vehicle '943'; waited too long (yield), lane='380081149#1_0', time=2697.00.
Warning: Teleporting vehicle '266'; waited too long (jam), lane='-621271001_0', time=2704.00.
Warning: Vehicle '173' ends teleporting on edge '-621271001', time=2704.00.
Warning: Teleporting vehicle '741'; waited too long (yield), lane='623540942#0_2', time=2714.00.
Warning: Vehicle '943' ends teleporting on edge '623540942#0', time=2714.00.
Warning: Teleporting vehicle '731'; waited too long (wrong lane), lane='623540942#0_1', time=2715.00.
Warning: Vehicle '284' ends teleporting on edge '-621271001', time=2715.00.
Warning: Teleporting vehicle '1976'; waited too long (yield), lane='622835372_0', time=2717.00.
Warning: Teleporting vehicle '1244'; waited too long (jam), lane='380081149#0_0', time=2719.00.
Warning: Vehicle '731' ends teleporting on edge '-621271001', time=2719.00.
Warning: Vehicle '744' teleports beyond arrival edge '621271001', time=2729.00.
Warning: Vehicle '741' ends teleporting on edge '4761588#1', time=2734.00.
Warning: Vehicle '1209' ends teleporting on edge '-621271001', time=2737.00.
Warning: Teleporting vehicle '1964'; waited too long (yield), lane='42790161#2_0', time=2756.00.
Warning: Vehicle '1964' ends teleporting on edge '623540942#0', time=2756.00.
Warning: Vehicle '1976' teleports beyond arrival edge '-7521008#1', time=2756.00.
Warning: Vehicle '266' teleports beyond arrival edge '-7521008#1', time=2762.00.
Warning: Teleporting vehicle '3429'; waited too long (yield), lane='42790161#2_1', time=2766.00.
Warning: Vehicle '3429' ends teleporting on edge '623540942#0', time=2766.00.
Warning: Teleporting vehicle '435'; waited too long (yield), lane='42790161#2_2', time=2768.00.
Warning: Teleporting vehicle '119'; waited too long (jam), lane='623540942#0_2', time=2801.00.
Warning: Vehicle '435' ends teleporting on edge '623540942#0', time=2803.00.
Warning: Vehicle '119' teleports beyond arrival edge '-621271001', time=2820.00.
Warning: Vehicle '1244' ends teleporting on edge '380081149#1', time=2873.00.
Warning: Teleporting vehicle '1983'; waited too long (yield), lane='622835372_0', time=3023.00.
Warning: Teleporting vehicle '353'; waited too long (jam), lane='-621271003_0', time=3034.00.
Warning: Teleporting vehicle '3544'; waited too long (jam), lane='42790161#2_1', time=3070.00.
Warning: Vehicle '3544' ends teleporting on edge '623540942#0', time=3070.00.
Warning: Teleporting vehicle '1014'; waited too long (jam), lane='7521008#0_0', time=3071.00.
Warning: Teleporting vehicle '444'; waited too long (jam), lane='42790161#2_2', time=3072.00.
Warning: Teleporting vehicle '781'; waited too long (yield), lane='621271001_0', time=3079.00.
Warning: Vehicle '1983' teleports beyond arrival edge '-7521008#1', time=3081.00.
Warning: Teleporting vehicle '401'; waited too long (yield), lane='622835372_2', time=3087.00.
Warning: Vehicle '1014' ends teleporting on edge '1190301745#0', time=3093.00.
Warning: Vehicle '353' ends teleporting on edge '-1190301745#0', time=3114.00.
Warning: Teleporting vehicle '153'; waited too long (yield), lane='623540942#0_2', time=3117.00.
Warning: Vehicle '444' ends teleporting on edge '623540942#0', time=3117.00.
Warning: Teleporting vehicle '881'; waited too long (wrong lane), lane='623540942#0_1', time=3138.00.
Warning: Vehicle '781' teleports beyond arrival edge '-621271001', time=3147.00.
Warning: Vehicle '401' ends teleporting on edge '380081148#0', time=3156.00.
Warning: Teleporting vehicle '1068'; waited too long (yield), lane='380081149#1_0', time=3181.00.
Warning: Vehicle '881' teleports beyond arrival edge '-621271001', time=3206.00.
Warning: Vehicle '1068' ends teleporting on edge '623540942#0', time=3210.00.
Warning: Vehicle '153' teleports beyond arrival edge '-7521008#1', time=3282.00.
Warning: Teleporting vehicle '368'; waited too long (jam), lane='-621271003_0', time=3339.00.
Warning: Teleporting vehicle '515'; waited too long (yield), lane='42790161#2_2', time=3389.00.
Warning: Teleporting vehicle '566'; waited too long (yield), lane='622835372_2', time=3393.00.
Warning: Teleporting vehicle '981'; waited too long (yield), lane='1190301745#0_0', time=3394.00.
Warning: Teleporting vehicle '623'; waited too long (jam), lane=':766056686_0_2', time=3403.00.
Warning: Vehicle '368' teleports beyond arrival edge '-621271001', time=3407.00.
Warning: Teleporting vehicle '444'; waited too long (yield), lane='623540942#0_2', time=3418.00.
Warning: Vehicle '515' ends teleporting on edge '623540942#0', time=3418.00.
Warning: Teleporting vehicle '2093'; waited too long (yield), lane='622835372_0', time=3441.00.
Warning: Teleporting vehicle '898'; waited too long (wrong lane), lane='623540942#0_1', time=3442.00.
Warning: Vehicle '2093' ends teleporting on edge '-1190301745#0', time=3443.00.
Warning: Vehicle '444' ends teleporting on edge '-621271001', time=3445.00.
Warning: Teleporting vehicle '833'; waited too long (yield), lane='621271001_0', time=3449.00.
Warning: Vehicle '566' ends teleporting on edge '621271001', time=3449.00.
Warning: Vehicle '623' ends teleporting on edge '596638461#0', time=3459.00.
Warning: Vehicle '981' ends teleporting on edge '621271003', time=3463.00.
Warning: Teleporting vehicle '4011'; waited too long (jam), lane='42790161#2_2', time=3466.00.
Warning: Teleporting vehicle '731'; waited too long (jam), lane='621271001_0', time=3513.00.
Warning: Vehicle '731' teleports beyond arrival edge '621271001', time=3513.00.
Warning: Vehicle '833' teleports beyond arrival edge '-621271001', time=3517.00.
Warning: Teleporting vehicle '1224'; waited too long (yield), lane='380081149#1_0', time=3527.00.
Warning: Vehicle '4011' ends teleporting on edge '380081148#0', time=3567.00.
Warning: Vehicle '898' teleports beyond arrival edge '-1190301745#0', time=3578.00.
Warning: Teleporting vehicle '111'; waited too long (jam), lane='7521008#0_0', time=391.00.
Warning: Teleporting vehicle '65'; waited too long (yield), lane='1190301745#0_0', time=442.00.
Warning: Vehicle '111' ends teleporting on edge '380081148#0', time=450.00.
Warning: Teleporting vehicle '8'; waited too long (jam), lane='623540942#0_2', time=466.00.
Warning: Teleporting vehicle '70'; waited too long (yield), lane='-621271001_0', time=469.00.
Warning: Vehicle '8' ends teleporting on edge '-621271001', time=469.00.
Warning: Teleporting vehicle '202'; waited too long (yield), lane='-621271003_0', time=477.00.
Warning: Teleporting vehicle '83'; waited too long (yield), lane='42790161#2_2', time=479.00.
Warning: Teleporting vehicle '103'; waited too long (yield), lane='621271001_0', time=485.00.
Warning: Vehicle '103' ends teleporting on edge '621271003', time=485.00.
Warning: Teleporting vehicle '169'; waited too long (yield), lane='622835372_2', time=499.00.
Warning: Teleporting vehicle '26'; waited too long (jam), lane='-621271001_0', time=500.00.
Warning: Vehicle '65' ends teleporting on edge '621271001', time=500.00.
Warning: Vehicle '202' ends teleporting on edge '-621271001', time=501.00.
Warning: Vehicle '70' teleports beyond arrival edge '621271001', time=537.00.
Warning: Vehicle '26' ends teleporting on edge '-7521008#1', time=539.00.
Warning: Vehicle '169' teleports beyond arrival edge '621271001', time=567.00.
Warning: Teleporting vehicle '553'; waited too long (yield), lane='42790161#2_1', time=588.00.
Warning: Vehicle '553' ends teleporting on edge '623540942#0', time=588.00.
Warning: Teleporting vehicle '490'; waited too long (yield), lane='380081149#1_0', time=621.00.
Warning: Vehicle '490' ends teleporting on edge '623540942#0', time=621.00.
Warning: Teleporting vehicle '611'; waited too long (yield), lane='42790161#2_0', time=626.00.
Warning: Vehicle '611' ends teleporting on edge '623540942#0', time=626.00.
Warning: Teleporting vehicle '673'; waited too long (jam), lane='380081149#0_0', time=644.00.
Warning: Teleporting vehicle '96'; waited too long (jam), lane='623540942#0_2', time=770.00.
Warning: Vehicle '83' teleports beyond arrival edge '-7521008#1', time=776.00.
Warning: Teleporting vehicle '91'; waited too long (jam), lane='42790161#2_2', time=784.00.
Warning: Vehicle '673' ends teleporting on edge '596638461#0', time=803.00.
Warning: Teleporting vehicle '173'; waited too long (yield), lane='622835372_2', time=804.00.
Warning: Teleporting vehicle '45'; waited too long (yield), lane='-621271001_0', time=806.00.
Warning: Vehicle '96' ends teleporting on edge '-621271001', time=806.00.
Warning: Teleporting vehicle '251'; waited too long (yield), lane='-621271003_0', time=814.00.
Warning: Teleporting vehicle '1018'; waited too long (jam), lane=':766056686_0_0', time=820.00.
Warning: Teleporting vehicle '53'; waited too long (yield), lane='621271001_0', time=820.00.
Warning: Vehicle '173' ends teleporting on edge '621271001', time=820.00.
Warning: Teleporting vehicle '114'; waited too long (yield), lane='1190301745#0_0', time=824.00.
Warning: Teleporting vehicle '423'; waited too long (wrong lane), lane='623540942#0_0', time=831.00.
Warning: Teleporting vehicle '427'; waited too long (wrong lane), lane='623540942#0_0', time=844.00.
Warning: Teleporting vehicle '706'; waited too long (jam), lane='-1190301745#0_0', time=864.00.
Warning: Teleporting vehicle '0'; waited too long (jam), lane='-621271001_0', time=868.00.
Warning: Vehicle '0' ends teleporting on edge '-1190301745#0', time=869.00.
Warning: Vehicle '53' ends teleporting on edge '-621271001', time=869.00.
Warning: Teleporting vehicle '60'; waited too long (yield), lane='621271001_0', time=870.00.
Warning: Vehicle '60' ends teleporting on edge '380081148#0', time=870.00.
Warning: Teleporting vehicle '1122'; waited too long (yield), lane='622835372_0', time=874.00.
Warning: Vehicle '1122' ends teleporting on edge '-1190301745#0', time=875.00.
Warning: Vehicle '1018' ends teleporting on edge '623540942#0', time=876.00.
Warning: Vehicle '251' ends teleporting on edge '4761588#1', time=883.00.
Warning: Vehicle '114' ends teleporting on edge '621271001', time=891.00.
Warning: Vehicle '91' ends teleporting on edge '-621271001', time=892.00.
Warning: Teleporting vehicle '609'; waited too long (jam), lane='42790161#2_0', time=894.00.
Warning: Vehicle '423' ends teleporting on edge '4761588#1', time=900.00.
Warning: Vehicle '427' ends teleporting on edge '-1190301745#0', time=931.00.
Warning: Teleporting vehicle '769'; waited too long (yield), lane='42790161#2_1', time=936.00.
Warning: Vehicle '609' ends teleporting on edge '380081148#0', time=995.00.
Warning: Vehicle '769' teleports beyond arrival edge '623540942#0', time=1036.00.
Warning: Teleporting vehicle '158'; waited too long (wrong lane), lane='623540942#0_1', time=1073.00.
Warning: Teleporting vehicle '97'; waited too long (yield), lane='623540942#0_2', time=1074.00.
Warning: Teleporting vehicle '119'; waited too long (yield), lane='42790161#2_2', time=1096.00.
Warning: Vehicle '45' teleports beyond arrival edge '1190301745#0', time=1105.00.
Warning: Vehicle '158' teleports beyond arrival edge '-621271001', time=1141.00.
Warning: Vehicle '97' teleports beyond arrival edge '-621271001', time=1142.00.
Warning: Teleporting vehicle '451'; waited too long (wrong lane), lane='623540942#0_0', time=1150.00.
Warning: Vehicle '119' ends teleporting on edge '623540942#0', time=1152.00.
Warning: Teleporting vehicle '196'; waited too long (yield), lane='1190301745#0_0', time=1188.00.
Warning: Vehicle '706' ends teleporting on edge '1190301745#0', time=1188.00.
Warning: Teleporting vehicle '91'; waited too long (yield), lane='-621271001_0', time=1196.00.
Warning: Vehicle '451' ends teleporting on edge '-621271001', time=1196.00.
Warning: Teleporting vehicle '304'; waited too long (yield), lane='-621271003_0', time=1199.00.
Warning: Vehicle '304' ends teleporting on edge '-621271001', time=1199.00.
Warning: Teleporting vehicle '268'; waited too long (jam), lane='622835372_2', time=1217.00.
Warning: Vehicle '91' teleports beyond arrival edge '-1190301745#0', time=1225.00.
Warning: Teleporting vehicle '1342'; waited too long (yield), lane='622835372_0', time=1237.00.
Warning: Vehicle '196' teleports beyond arrival edge '-7521008#1', time=1246.00.
Warning: Vehicle '268' ends teleporting on edge '621271001', time=1263.00.
Warning: Vehicle '1342' ends teleporting on edge '-7521008#1', time=1284.00.
Warning: Teleporting vehicle '153'; waited too long (yield), lane='42790161#2_2', time=1457.00.
Warning: Teleporting vehicle '795'; waited too long (yield), lane='42790161#2_1', time=1458.00.
Warning: Vehicle '795' ends teleporting on edge '623540942#0', time=1458.00.
Warning: Teleporting vehicle '334'; waited too long (yield), lane='-621271003_0', time=1505.00.
Warning: Teleporting vehicle '247'; waited too long (yield), lane='1190301745#0_0', time=1544.00.
Warning: Teleporting vehicle '266'; waited too long (yield), lane='-621271001_0', time=1546.00.
Warning: Vehicle '334' ends teleporting on edge '-621271001', time=1546.00.
Warning: Teleporting vehicle '183'; waited too long (yield), lane='623540942#0_2', time=1552.00.
Warning: Vehicle '153' ends teleporting on edge '623540942#0', time=1552.00.
Warning: Teleporting vehicle '207'; waited too long (wrong lane), lane='623540942#0_1', time=1566.00.
Warning: Teleporting vehicle '105'; waited too long (yield), lane='621271001_0', time=1569.00.
Warning: Vehicle '247' ends teleporting on edge '621271001', time=1569.00.
Warning: Teleporting vehicle '347'; waited too long (yield), lane='622835372_2', time=1580.00.
Warning: Teleporting vehicle '284'; waited too long (yield), lane='-621271001_0', time=1580.00.
Warning: Vehicle '284' ends teleporting on edge '4761588#1', time=1580.00.
Warning: Vehicle '347' ends teleporting on edge '621271001', time=1581.00.
Warning: Teleporting vehicle '872'; waited too long (jam), lane='42790161#2_0', time=1586.00.
Warning: Vehicle '872' ends teleporting on edge '623540942#0', time=1586.00.
Warning: Teleporting vehicle '187'; waited too long (jam), lane='623540942#0_2', time=1588.00.
Warning: Teleporting vehicle '646'; waited too long (yield), lane='380081149#1_0', time=1595.00.
Warning: Vehicle '646' ends teleporting on edge '623540942#0', time=1595.00.
Warning: Teleporting vehicle '1906'; waited too long (jam), lane=':766056686_0_0', time=1599.00.
Warning: Vehicle '266' teleports beyond arrival edge '-7521008#1', time=1604.00.
Warning: Teleporting vehicle '2015'; waited too long (yield), lane='622835372_0', time=1607.00.
Warning: Vehicle '105' teleports beyond arrival edge '-621271001', time=1637.00.
Warning: Vehicle '187' teleports beyond arrival edge '-621271001', time=1638.00.
Warning: Vehicle '1906' ends teleporting on edge '623540942#0', time=1655.00.
Warning: Vehicle '183' teleports beyond arrival edge '-7521008#1', time=1717.00.
Warning: Vehicle '2015' ends teleporting on edge '7521008#0', time=1724.00.
Warning: Vehicle '207' ends teleporting on edge '-7521008#1', time=1725.00.
Warning: Teleporting vehicle '1077'; waited too long (jam), lane='42790161#2_0', time=1763.00.
Warning: Vehicle '1077' ends teleporting on edge '623540942#0', time=1763.00.
Warning: Teleporting vehicle '176'; waited too long (yield), lane='42790161#2_2', time=1797.00.
Warning: Teleporting vehicle '598'; waited too long (wrong lane), lane='623540942#0_0', time=1877.00.
Warning: Teleporting vehicle '918'; waited too long (jam), lane='42790161#2_0', time=1884.00.
Warning: Vehicle '918' teleports beyond arrival edge '42790161#2', time=1884.00.
Warning: Teleporting vehicle '229'; waited too long (yield), lane='623540942#0_2', time=1893.00.
Warning: Vehicle '176' ends teleporting on edge '623540942#0', time=1893.00.
Warning: Teleporting vehicle '262'; waited too long (wrong lane), lane='623540942#0_1', time=1907.00.
Warning: Vehicle '229' teleports beyond arrival edge '621271001', time=2029.00.
Warning: Vehicle '262' teleports beyond arrival edge '621271001', time=2043.00.
Warning: Teleporting vehicle '600'; waited too long (jam), lane='622835372_2', time=2118.00.
Warning: Teleporting vehicle '274'; waited too long (yield), lane='42790161#2_2', time=2155.00.
Warning: Teleporting vehicle '226'; waited too long (yield), lane='1190301745#0_0', time=2174.00.
Warning: Vehicle '598' ends teleporting on edge '1190301745#0', time=2174.00.
Warning: Teleporting vehicle '1258'; waited too long (yield), lane='42790161#2_1', time=2190.00.
Warning: Vehicle '1258' ends teleporting on edge '623540942#0', time=2190.00.
Warning: Teleporting vehicle '176'; waited too long (jam), lane='623540942#0_2', time=2194.00.
Warning: Vehicle '274' ends teleporting on edge '623540942#0', time=2194.00.
Warning: Teleporting vehicle '1932'; waited too long (jam), lane=':766056686_0_1', time=2203.00.
Warning: Teleporting vehicle '526'; waited too long (wrong lane), lane='623540942#0_1', time=2211.00.
Warning: Teleporting vehicle '1288'; waited too long (jam), lane='42790161#2_1', time=2222.00.
Warning: Vehicle '1288' teleports beyond arrival edge '42790161#2', time=2222.00.
Warning: Vehicle '176' ends teleporting on edge '-621271001', time=2225.00.
Warning: Teleporting vehicle '771'; waited too long (yield), lane='380081149#1_0', time=2237.00.
Warning: Vehicle '226' ends teleporting on edge '380081148#0', time=2243.00.
Warning: Vehicle '600' teleports beyond arrival edge '-621271001', time=2254.00.
Warning: Vehicle '1932' ends teleporting on edge '623540942#0', time=2259.00.
Warning: Vehicle '526' ends teleporting on edge '-1190301745#0', time=2292.00.
Warning: Vehicle '771' teleports beyond arrival edge '-621271001', time=2437.00.
Warning: Teleporting vehicle '288'; waited too long (yield), lane='42790161#2_2', time=2460.00.
Warning: Teleporting vehicle '274'; waited too long (yield), lane='623540942#0_2', time=2495.00.
Warning: Vehicle '288' ends teleporting on edge '623540942#0', time=2495.00.
Warning: Teleporting vehicle '1894'; waited too long (jam), lane='42790161#2_0', time=2497.00.
Warning: Vehicle '1894' ends teleporting on edge '623540942#0', time=2497.00.
Warning: Teleporting vehicle '301'; waited too long (wrong lane), lane='623540942#0_1', time=2515.00.
Warning: Teleporting vehicle '741'; waited too long (wrong lane), lane='623540942#0_0', time=2518.00.
Warning: Teleporting vehicle '142'; waited too long (yield), lane='-621271001_0', time=2531.00.
Warning: Vehicle '274' ends teleporting on edge '-621271001', time=2531.00.
Warning: Teleporting vehicle '1401'; waited too long (yield), lane='42790161#2_1', time=2533.00.
Warning: Teleporting vehicle '429'; waited too long (yield), lane='-621271003_0', time=2537.00.
Warning: Vehicle '1401' ends teleporting on edge '623540942#0', time=2540.00.
Warning: Teleporting vehicle '271'; waited too long (yield), lane='1190301745#0_0', time=2544.00.
Warning: Teleporting vehicle '141'; waited too long (yield), lane='621271001_0', time=2547.00.
Warning: Teleporting vehicle '322'; waited too long (jam), lane='-621271001_0', time=2575.00.
Warning: Vehicle '322' teleports beyond arrival edge '-621271001', time=2575.00.
Warning: Vehicle '741' ends teleporting on edge '4761588#1', time=2587.00.
Warning: Vehicle '301' ends teleporting on edge '-1190301745#0', time=2592.00.
Warning: Vehicle '142' ends teleporting on edge '380081148#0', time=2600.00.
Warning: Vehicle '271' teleports beyond arrival edge '-7521008#1', time=2602.00.
Warning: Vehicle '141' ends teleporting on edge '4761588#1', time=2616.00.
Warning: Vehicle '429' ends teleporting on edge '621271001', time=2629.00.
Warning: Teleporting vehicle '320'; waited too long (jam), lane='42790161#2_2', time=2766.00.
Warning: Teleporting vehicle '288'; waited too long (yield), lane='623540942#0_2', time=2796.00.
Warning: Vehicle '320' ends teleporting on edge '623540942#0', time=2796.00.
Warning: Teleporting vehicle '2090'; waited too long (yield), lane='42790161#2_0', time=2803.00.
Warning: Teleporting vehicle '329'; waited too long (wrong lane), lane='623540942#0_1', time=2819.00.
Warning: Vehicle '2090' ends teleporting on edge '623540942#0', time=2833.00.
Warning: Teleporting vehicle '1412'; waited too long (yield), lane='42790161#2_1', time=2839.00.
Warning: Vehicle '1412' ends teleporting on edge '623540942#0', time=2839.00.
Warning: Teleporting vehicle '445'; waited too long (yield), lane='-621271003_0', time=2843.00.
Warning: Teleporting vehicle '898'; waited too long (yield), lane='380081149#1_0', time=2857.00.
Warning: Vehicle '288' ends teleporting on edge '4761588#1', time=2865.00.
Warning: Teleporting vehicle '1127'; waited too long (jam), lane='380081149#0_0', time=2879.00.
Warning: Teleporting vehicle '273'; waited too long (yield), lane='1190301745#0_0', time=2900.00.
Warning: Vehicle '445' ends teleporting on edge '4761588#1', time=2912.00.
Warning: Teleporting vehicle '353'; waited too long (yield), lane='-621271001_0', time=2920.00.
Warning: Teleporting vehicle '122'; waited too long (jam), lane='623540942#0_2', time=2929.00.
Warning: Vehicle '898' ends teleporting on edge '623540942#0', time=2930.00.
Warning: Teleporting vehicle '566'; waited too long (yield), lane='621271001_0', time=2940.00.
Warning: Vehicle '273' ends teleporting on edge '621271001', time=2940.00.
Warning: Teleporting vehicle '936'; waited too long (yield), lane='622835372_2', time=2948.00.
Warning: Teleporting vehicle '4396'; waited too long (yield), lane='622835372_0', time=2949.00.
Warning: Vehicle '4396' ends teleporting on edge '-1190301745#0', time=2976.00.
Warning: Vehicle '329' ends teleporting on edge '-7521008#1', time=2980.00.
Warning: Vehicle '122' ends teleporting on edge '4761588#1', time=2998.00.
Warning: Vehicle '566' teleports beyond arrival edge '-621271001', time=3008.00.
Warning: Vehicle '936' ends teleporting on edge '380081148#0', time=3017.00.
Warning: Vehicle '1127' ends teleporting on edge '623540942#0', time=3039.00.
Warning: Teleporting vehicle '331'; waited too long (yield), lane='42790161#2_2', time=3075.00.
Warning: Vehicle '353' teleports beyond arrival edge '1190301745#0', time=3142.00.
Warning: Teleporting vehicle '1782'; waited too long (yield), lane='42790161#2_1', time=3145.00.
Warning: Teleporting vehicle '463'; waited too long (yield), lane='-621271003_0', time=3148.00.
Warning: Vehicle '1782' ends teleporting on edge '380081148#0', time=3246.00.
Warning: Teleporting vehicle '2360'; waited too long (yield), lane='42790161#2_0', time=3267.00.
Warning: Vehicle '2360' ends teleporting on edge '623540942#0', time=3267.00.
Warning: Teleporting vehicle '743'; waited too long (yield), lane='621271001_0', time=3279.00.
Warning: Teleporting vehicle '942'; waited too long (yield), lane='622835372_2', time=3288.00.
Warning: Teleporting vehicle '956'; waited too long (yield), lane='380081149#1_0', time=3300.00.
Warning: Teleporting vehicle '1262'; waited too long (jam), lane='380081149#0_0', time=3322.00.
Warning: Vehicle '942' ends teleporting on edge '621271003', time=3333.00.
Warning: Teleporting vehicle '421'; waited too long (wrong lane), lane='623540942#0_1', time=3340.00.
Warning: Teleporting vehicle '123'; waited too long (yield), lane='623540942#0_2', time=3340.00.
Warning: Vehicle '956' ends teleporting on edge '623540942#0', time=3340.00.
Warning: Teleporting vehicle '589'; waited too long (wrong lane), lane='623540942#0_1', time=3341.00.
Warning: Vehicle '743' teleports beyond arrival edge '-621271001', time=3347.00.
Warning: Vehicle '123' ends teleporting on edge '-621271001', time=3366.00.
Warning: Vehicle '331' teleports beyond arrival edge '-7521008#1', time=3368.00.
Warning: Vehicle '589' ends teleporting on edge '621271001', time=3415.00.
Warning: Teleporting vehicle '379'; waited too long (yield), lane='42790161#2_2', time=3429.00.
Warning: Teleporting vehicle '452'; waited too long (jam), lane=':766056686_0_2', time=3444.00.
Warning: Teleporting vehicle '464'; waited too long (yield), lane='-621271003_0', time=3452.00.
Warning: Teleporting vehicle '2097'; waited too long (yield), lane='42790161#2_2', time=3459.00.
Warning: Vehicle '2097' ends teleporting on edge '623540942#0', time=3459.00.
Warning: Vehicle '1262' ends teleporting on edge '623540942#0', time=3481.00.
Warning: Vehicle '452' ends teleporting on edge '596638461#0', time=3500.00.
Warning: Vehicle '421' teleports beyond arrival edge '-7521008#1', time=3505.00.
Warning: Vehicle '463' teleports beyond arrival edge '1190301745#0', time=3569.00.
Warning: Vehicle '464' teleports beyond arrival edge '621271001', time=3588.00.
Warning: Teleporting vehicle '307'; waited too long (yield), lane='1190301745#0_0', time=3594.00.
Warning: Teleporting vehicle '202'; waited too long (yield), lane='-621271003_0', time=409.00.
Warning: Teleporting vehicle '98'; waited too long (yield), lane='621271001_0', time=412.00.
Warning: Teleporting vehicle '169'; waited too long (yield), lane='622835372_2', time=420.00.
Warning: Vehicle '202' teleports beyond arrival edge '-621271001', time=477.00.
Warning: Vehicle '98' ends teleporting on edge '4761588#1', time=481.00.
Warning: Vehicle '169' teleports beyond arrival edge '621271001', time=488.00.
Warning: Teleporting vehicle '248'; waited too long (yield), lane='-621271003_0', time=714.00.
Warning: Teleporting vehicle '59'; waited too long (yield), lane='1190301745#0_0', time=729.00.
Warning: Teleporting vehicle '229'; waited too long (wrong lane), lane='623540942#0_1', time=737.00.
Warning: Teleporting vehicle '193'; waited too long (yield), lane='623540942#0_2', time=738.00.
Warning: Teleporting vehicle '598'; waited too long (wrong lane), lane='623540942#0_0', time=765.00.
Warning: Teleporting vehicle '53'; waited too long (yield), lane='621271001_0', time=766.00.
Warning: Vehicle '59' ends teleporting on edge '621271001', time=766.00.
Warning: Teleporting vehicle '420'; waited too long (jam), lane='-1190301745#0_0', time=770.00.
Warning: Teleporting vehicle '176'; waited too long (jam), lane='42790161#2_2', time=773.00.
Warning: Teleporting vehicle '706'; waited too long (yield), lane='622835372_0', time=775.00.
Warning: Vehicle '706' ends teleporting on edge '-1190301745#0', time=775.00.
Warning: Teleporting vehicle '174'; waited too long (yield), lane='622835372_2', time=777.00.
Warning: Vehicle '248' teleports beyond arrival edge '-621271001', time=782.00.
Warning: Teleporting vehicle '832'; waited too long (jam), lane='380081149#0_0', time=788.00.
Warning: Teleporting vehicle '123'; waited too long (yield), lane=':cluster_30406198_7161921427_7161921428_2_0', time=800.00.
Warning: Vehicle '123' ends teleporting on edge '4761588#1', time=800.00.
Warning: Vehicle '193' ends teleporting on edge '4761588#1', time=807.00.
Warning: Vehicle '53' ends teleporting on edge '-621271001', time=809.00.
Warning: Teleporting vehicle '60'; waited too long (yield), lane='621271001_0', time=817.00.
Warning: Vehicle '60' ends teleporting on edge '380081148#0', time=817.00.
Warning: Vehicle '176' ends teleporting on edge '623540942#0', time=824.00.
Warning: Vehicle '598' ends teleporting on edge '-621271001', time=829.00.
Warning: Vehicle '174' ends teleporting on edge '380081148#0', time=846.00.
Warning: Vehicle '229' teleports beyond arrival edge '621271001', time=873.00.
Warning: Teleporting vehicle '251'; waited too long (yield), lane='-621271003_0', time=1018.00.
Warning: Teleporting vehicle '111'; waited too long (jam), lane='7521008#0_0', time=1038.00.
Warning: Teleporting vehicle '65'; waited too long (yield), lane='1190301745#0_0', time=1070.00.
Warning: Vehicle '420' ends teleporting on edge '1190301745#0', time=1070.00.
Warning: Teleporting vehicle '206'; waited too long (yield), lane='622835372_2', time=1083.00.
Warning: Vehicle '251' ends teleporting on edge '4761588#1', time=1087.00.
Warning: Teleporting vehicle '274'; waited too long (yield), lane='42790161#2_2', time=1089.00.
Warning: Teleporting vehicle '1243'; waited too long (yield), lane='42790161#2_0', time=1090.00.
Warning: Vehicle '1243' ends teleporting on edge '623540942#0', time=1090.00.
Warning: Vehicle '111' ends teleporting on edge '380081148#0', time=1097.00.
Warning: Teleporting vehicle '301'; waited too long (wrong lane), lane='623540942#0_1', time=1114.00.
Warning: Teleporting vehicle '227'; waited too long (yield), lane='623540942#0_2', time=1114.00.
Warning: Vehicle '274' ends teleporting on edge '623540942#0', time=1114.00.
Warning: Teleporting vehicle '329'; waited too long (wrong lane), lane='623540942#0_1', time=1115.00.
Warning: Teleporting vehicle '739'; waited too long (yield), lane='622835372_0', time=1123.00.
Warning: Vehicle '739' ends teleporting on edge '-1190301745#0', time=1129.00.
Warning: Teleporting vehicle '262'; waited too long (jam), lane='623540942#0_2', time=1132.00.
Warning: Vehicle '65' ends teleporting on edge '621271003', time=1139.00.
Warning: Vehicle '227' ends teleporting on edge '4761588#1', time=1183.00.
Warning: Vehicle '262' teleports beyond arrival edge '621271001', time=1215.00.
Warning: Vehicle '206' teleports beyond arrival edge '-621271001', time=1219.00.
Warning: Vehicle '832' teleports beyond arrival edge '621271001', time=1272.00.
Warning: Vehicle '301' teleports beyond arrival edge '-7521008#1', time=1279.00.
Warning: Teleporting vehicle '255'; waited too long (yield), lane='-621271003_0', time=1323.00.
Warning: Teleporting vehicle '16'; waited too long (jam), lane='7521008#0_0', time=1389.00.
Warning: Vehicle '329' ends teleporting on edge '7521008#0', time=1389.00.
Warning: Vehicle '255' ends teleporting on edge '4761588#1', time=1392.00.
Warning: Teleporting vehicle '288'; waited too long (jam), lane='42790161#2_2', time=1394.00.
Warning: Vehicle '16' teleports beyond arrival edge '1190301745#0', time=1418.00.
Warning: Teleporting vehicle '787'; waited too long (yield), lane='622835372_0', time=1428.00.
Warning: Vehicle '787' ends teleporting on edge '-1190301745#0', time=1436.00.
Warning: Teleporting vehicle '1276'; waited too long (yield), lane='42790161#2_1', time=1442.00.
Warning: Vehicle '1276' ends teleporting on edge '623540942#0', time=1442.00.
Warning: Teleporting vehicle '421'; waited too long (jam), lane='623540942#0_2', time=1443.00.
Warning: Vehicle '288' ends teleporting on edge '623540942#0', time=1443.00.
Warning: Teleporting vehicle '170'; waited too long (yield), lane=':cluster_30406198_7161921427_7161921428_4_0', time=1445.00.
Warning: Teleporting vehicle '427'; waited too long (wrong lane), lane='623540942#0_1', time=1448.00.
Warning: Teleporting vehicle '114'; waited too long (yield), lane='1190301745#0_0', time=1449.00.
Warning: Teleporting vehicle '1782'; waited too long (yield), lane='42790161#2_0', time=1460.00.
Warning: Vehicle '1782' ends teleporting on edge '623540942#0', time=1460.00.
Warning: Teleporting vehicle '88'; waited too long (yield), lane='621271001_0', time=1481.00.
Warning: Vehicle '114' ends teleporting on edge '621271001', time=1481.00.
Warning: Teleporting vehicle '842'; waited too long (yield), lane='380081149#1_0', time=1482.00.
Warning: Teleporting vehicle '240'; waited too long (yield), lane='622835372_2', time=1490.00.
Warning: Vehicle '170' teleports beyond arrival edge '621271001', time=1513.00.
Warning: Vehicle '421' ends teleporting on edge '-1190301745#0', time=1528.00.
Warning: Vehicle '427' ends teleporting on edge '-1190301745#0', time=1530.00.
Warning: Teleporting vehicle '106'; waited too long (yield), lane='621271001_0', time=1541.00.
Warning: Vehicle '106' ends teleporting on edge '621271003', time=1541.00.
Warning: Vehicle '240' ends teleporting on edge '621271001', time=1542.00.
Warning: Vehicle '88' teleports beyond arrival edge '-621271001', time=1549.00.
Warning: Teleporting vehicle '266'; waited too long (yield), lane='-621271003_0', time=1627.00.
Warning: Vehicle '266' ends teleporting on edge '-621271001', time=1629.00.
Warning: Vehicle '842' teleports beyond arrival edge '-7521008#1', time=1779.00.
Warning: Teleporting vehicle '877'; waited too long (yield), lane='380081149#1_0', time=1788.00.
Warning: Vehicle '877' ends teleporting on edge '623540942#0', time=1788.00.
Warning: Teleporting vehicle '771'; waited too long (wrong lane), lane='623540942#0_0', time=1801.00.
Warning: Teleporting vehicle '1412'; waited too long (yield), lane='42790161#2_1', time=1808.00.
Warning: Vehicle '1412' ends teleporting on edge '623540942#0', time=1808.00.
Warning: Teleporting vehicle '1071'; waited too long (jam), lane='380081149#0_0', time=1809.00.
Warning: Teleporting vehicle '2164'; waited too long (yield), lane='42790161#2_0', time=1820.00.
Warning: Vehicle '2164' ends teleporting on edge '623540942#0', time=1820.00.
Warning: Teleporting vehicle '322'; waited too long (yield), lane='622835372_2', time=1858.00.
Warning: Vehicle '771' teleports beyond arrival edge '-621271001', time=1869.00.
Warning: Teleporting vehicle '173'; waited too long (yield), lane='621271001_0', time=1872.00.
Warning: Vehicle '322' ends teleporting on edge '621271001', time=1872.00.
Warning: Teleporting vehicle '247'; waited too long (yield), lane='1190301745#0_0', time=1893.00.
Warning: Teleporting vehicle '266'; waited too long (yield), lane='-621271001_0', time=1930.00.
Warning: Vehicle '173' ends teleporting on edge '-621271001', time=1930.00.
Warning: Teleporting vehicle '284'; waited too long (yield), lane='-621271003_0', time=1934.00.
Warning: Teleporting vehicle '103'; waited too long (yield), lane='621271001_0', time=1936.00.
Warning: Vehicle '103' ends teleporting on edge '621271003', time=1936.00.
Warning: Teleporting vehicle '658'; waited too long (wrong lane), lane='623540942#0_1', time=1939.00.
Warning: Teleporting vehicle '423'; waited too long (yield), lane='623540942#0_2', time=1940.00.
Warning: Vehicle '284' ends teleporting on edge '-621271001', time=1944.00.
Warning: Vehicle '247' ends teleporting on edge '621271001', time=1946.00.
Warning: Teleporting vehicle '1556'; waited too long (yield), lane='622835372_0', time=1951.00.
Warning: Vehicle '423' ends teleporting on edge '-621271001', time=1964.00.
Warning: Vehicle '1071' ends teleporting on edge '623540942#0', time=1968.00.
Warning: Vehicle '658' ends teleporting on edge '-621271001', time=1970.00.
Warning: Vehicle '266' ends teleporting on edge '-7521008#1', time=1976.00.
Warning: Vehicle '1556' ends teleporting on edge '-7521008#1', time=1988.00.
Warning: Teleporting vehicle '1757'; waited too long (jam), lane='42790161#2_1', time=2114.00.
Warning: Vehicle '1757' ends teleporting on edge '623540942#0', time=2114.00.
Warning: Teleporting vehicle '254'; waited too long (jam), lane='623540942#0_2', time=2246.00.
Warning: Teleporting vehicle '334'; waited too long (jam), lane='-621271003_0', time=2260.00.
Warning: Teleporting vehicle '129'; waited too long (yield), lane='621271001_0', time=2287.00.
Warning: Teleporting vehicle '331'; waited too long (jam), lane='42790161#2_2', time=2294.00.
Warning: Teleporting vehicle '347'; waited too long (yield), lane='622835372_2', time=2297.00.
Warning: Teleporting vehicle '906'; waited too long (yield), lane='380081149#1_0', time=2299.00.
Warning: Vehicle '129' ends teleporting on edge '-621271001', time=2301.00.
Warning: Teleporting vehicle '2097'; waited too long (jam), lane='42790161#2_0', time=2307.00.
Warning: Vehicle '2097' ends teleporting on edge '623540942#0', time=2308.00.
Warning: Vehicle '254' ends teleporting on edge '4761588#1', time=2315.00.
Warning: Teleporting vehicle '1976'; waited too long (yield), lane='622835372_0', time=2318.00.
Warning: Teleporting vehicle '1190'; waited too long (jam), lane='380081149#0_0', time=2319.00.
Warning: Vehicle '334' ends teleporting on edge '4761588#1', time=2330.00.
Warning: Vehicle '347' ends teleporting on edge '380081148#0', time=2352.00.
Warning: Vehicle '1976' teleports beyond arrival edge '-7521008#1', time=2354.00.
Warning: Vehicle '1190' ends teleporting on edge '596638461#0', time=2478.00.
Warning: Vehicle '906' ends teleporting on edge '4761588#1', time=2500.00.
Warning: Vehicle '331' teleports beyond arrival edge '-7521008#1', time=2591.00.
Warning: Teleporting vehicle '226'; waited too long (yield), lane='1190301745#0_0', time=2717.00.
Warning: Teleporting vehicle '149'; waited too long (yield), lane='623540942#0_2', time=2728.00.
Warning: Teleporting vehicle '353'; waited too long (yield), lane='-621271003_0', time=2747.00.
Warning: Teleporting vehicle '299'; waited too long (yield), lane='621271001_0', time=2752.00.
Warning: Vehicle '299' ends teleporting on edge '621271003', time=2752.00.
Warning: Teleporting vehicle '401'; waited too long (yield), lane='622835372_2', time=2757.00.
Warning: Teleporting vehicle '2475'; waited too long (yield), lane='622835372_0', time=2772.00.
Warning: Vehicle '226' ends teleporting on edge '621271001', time=2773.00.
Warning: Vehicle '2475' ends teleporting on edge '-1190301745#0', time=2777.00.
Warning: Teleporting vehicle '3178'; waited too long (yield), lane='42790161#2_1', time=2796.00.
Warning: Vehicle '3178' ends teleporting on edge '623540942#0', time=2796.00.
Warning: Vehicle '149' ends teleporting on edge '-1190301745#0', time=2799.00.
Warning: Vehicle '353' ends teleporting on edge '-621271001', time=2811.00.
Warning: Vehicle '401' ends teleporting on edge '380081148#0', time=2826.00.
Warning: Teleporting vehicle '1068'; waited too long (yield), lane='380081149#1_0', time=2839.00.
Warning: Vehicle '1068' ends teleporting on edge '623540942#0', time=2839.00.
Warning: Teleporting vehicle '368'; waited too long (yield), lane='-621271003_0', time=3051.00.
Warning: Teleporting vehicle '688'; waited too long (yield), lane='1190301745#0_0', time=3070.00.
Warning: Teleporting vehicle '600'; waited too long (yield), lane='622835372_2', time=3113.00.
Warning: Vehicle '368' teleports beyond arrival edge '-621271001', time=3119.00.
Warning: Teleporting vehicle '204'; waited too long (yield), lane='621271001_0', time=3125.00.
Warning: Vehicle '600' ends teleporting on edge '621271001', time=3125.00.
Warning: Teleporting vehicle '3036'; waited too long (yield), lane='622835372_0', time=3129.00.
Warning: Vehicle '688' ends teleporting on edge '380081148#0', time=3139.00.
Warning: Teleporting vehicle '731'; waited too long (yield), lane='-621271001_0', time=3149.00.
Warning: Vehicle '204' ends teleporting on edge '-621271001', time=3149.00.
Warning: Teleporting vehicle '176'; waited too long (yield), lane='623540942#0_2', time=3157.00.
Warning: Teleporting vehicle '233'; waited too long (yield), lane='621271001_0', time=3157.00.
Warning: Teleporting vehicle '426'; waited too long (jam), lane='42790161#2_2', time=3174.00.
Warning: Vehicle '731' teleports beyond arrival edge '621271001', time=3217.00.
Warning: Vehicle '176' teleports beyond arrival edge '-1190301745#0', time=3250.00.
Warning: Vehicle '233' teleports beyond arrival edge '-1190301745#0', time=3250.00.
Warning: Teleporting vehicle '1262'; waited too long (yield), lane='380081149#1_0', time=3284.00.
Warning: Teleporting vehicle '5514'; waited too long (yield), lane='42790161#2_0', time=3335.00.
Warning: Vehicle '426' ends teleporting on edge '4761588#1', time=3375.00.
Warning: Teleporting vehicle '753'; waited too long (jam), lane='7521008#0_0', time=3380.00.
Warning: Vehicle '1262' ends teleporting on edge '380081148#0', time=3385.00.
Warning: Teleporting vehicle '692'; waited too long (yield), lane='1190301745#0_0', time=3405.00.
Warning: Vehicle '753' ends teleporting on edge '1190301745#0', time=3405.00.
Warning: Teleporting vehicle '258'; waited too long (jam), lane='1190301745#0_0', time=3406.00.
Warning: Vehicle '3036' ends teleporting on edge '1190301745#0', time=3406.00.
Warning: Vehicle '258' ends teleporting on edge '4761588#1', time=3407.00.
Warning: Teleporting vehicle '6222'; waited too long (jam), lane=':766056686_0_0', time=3423.00.
Warning: Teleporting vehicle '3054'; waited too long (jam), lane='622835372_0', time=3433.00.
Warning: Vehicle '692' ends teleporting on edge '621271001', time=3434.00.
Warning: Vehicle '5514' ends teleporting on edge '623540942#0', time=3434.00.
Warning: Vehicle '3054' teleports beyond arrival edge '-1190301745#0', time=3462.00.
Warning: Teleporting vehicle '445'; waited too long (yield), lane='-621271003_0', time=3467.00.
Warning: Teleporting vehicle '796'; waited too long (yield), lane='622835372_2', time=3471.00.
Warning: Teleporting vehicle '1244'; waited too long (wrong lane), lane='623540942#0_0', time=3474.00.
Warning: Teleporting vehicle '435'; waited too long (jam), lane='42790161#2_2', time=3478.00.
Warning: Vehicle '6222' teleports beyond arrival edge '42790161#2', time=3478.00.
Warning: Teleporting vehicle '5352'; waited too long (jam), lane='42790161#2_0', time=3482.00.
Warning: Vehicle '5352' teleports beyond arrival edge '42790161#2', time=3482.00.
Warning: Teleporting vehicle '515'; waited too long (jam), lane=':766056686_0_2', time=3493.00.
Warning: Vehicle '445' ends teleporting on edge '4761588#1', time=3536.00.
Warning: Vehicle '796' ends teleporting on edge '380081148#0', time=3540.00.
Warning: Teleporting vehicle '119'; waited too long (yield), lane='42790161#2_2', time=439.00.
Warning: Teleporting vehicle '8'; waited too long (yield), lane='623540942#0_2', time=464.00.
Warning: Vehicle '119' ends teleporting on edge '623540942#0', time=464.00.
Warning: Teleporting vehicle '300'; waited too long (jam), lane='-621271001_0', time=526.00.
Warning: Teleporting vehicle '111'; waited too long (yield), lane='1190301745#0_0', time=526.00.
Warning: Vehicle '8' ends teleporting on edge '-621271001', time=526.00.
Warning: Teleporting vehicle '58'; waited too long (jam), lane='623540942#0_2', time=536.00.
Warning: Teleporting vehicle '88'; waited too long (yield), lane='621271001_0', time=537.00.
Warning: Vehicle '111' ends teleporting on edge '621271001', time=537.00.
Warning: Teleporting vehicle '173'; waited too long (jam), lane='622835372_2', time=545.00.
Warning: Teleporting vehicle '106'; waited too long (yield), lane='621271001_0', time=552.00.
Warning: Vehicle '106' ends teleporting on edge '621271003', time=552.00.
Warning: Vehicle '173' ends teleporting on edge '621271001', time=553.00.
Warning: Teleporting vehicle '262'; waited too long (yield), lane='380081149#1_0', time=580.00.
Warning: Teleporting vehicle '553'; waited too long (jam), lane='42790161#2_0', time=584.00.
Warning: Vehicle '300' teleports beyond arrival edge '-7521008#1', time=584.00.
Warning: Vehicle '553' ends teleporting on edge '623540942#0', time=584.00.
Warning: Teleporting vehicle '412'; waited too long (yield), lane='-621271003_0', time=590.00.
Warning: Vehicle '58' ends teleporting on edge '4761588#1', time=605.00.
Warning: Vehicle '88' teleports beyond arrival edge '-621271001', time=605.00.
Warning: Teleporting vehicle '609'; waited too long (yield), lane='42790161#2_1', time=619.00.
Warning: Vehicle '412' ends teleporting on edge '4761588#1', time=659.00.
Warning: Vehicle '609' ends teleporting on edge '380081148#0', time=720.00.
Warning: Teleporting vehicle '127'; waited too long (jam), lane='42790161#2_2', time=770.00.
Warning: Teleporting vehicle '274'; waited too long (jam), lane=':766056686_0_2', time=783.00.
Warning: Teleporting vehicle '304'; waited too long (yield), lane='-621271001_0', time=831.00.
Warning: Teleporting vehicle '90'; waited too long (yield), lane='1190301745#0_0', time=833.00.
Warning: Teleporting vehicle '158'; waited too long (wrong lane), lane='623540942#0_1', time=838.00.
Warning: Teleporting vehicle '97'; waited too long (yield), lane='623540942#0_2', time=840.00.
Warning: Vehicle '127' ends teleporting on edge '623540942#0', time=840.00.
Warning: Vehicle '262' teleports beyond arrival edge '621271001', time=848.00.
Warning: Teleporting vehicle '134'; waited too long (jam), lane='42790161#2_2', time=857.00.
Warning: Vehicle '134' ends teleporting on edge '596638461#0', time=857.00.
Warning: Vehicle '304' teleports beyond arrival edge '-1190301745#0', time=860.00.
Warning: Teleporting vehicle '206'; waited too long (yield), lane='622835372_2', time=865.00.
Warning: Teleporting vehicle '41'; waited too long (jam), lane='623540942#0_2', time=870.00.
Warning: Vehicle '274' ends teleporting on edge '623540942#0', time=871.00.
Warning: Teleporting vehicle '706'; waited too long (yield), lane='622835372_0', time=878.00.
Warning: Vehicle '41' ends teleporting on edge '-621271001', time=882.00.
Warning: Vehicle '97' ends teleporting on edge '-621271001', time=884.00.
Warning: Vehicle '90' teleports beyond arrival edge '621271001', time=901.00.
Warning: Vehicle '158' teleports beyond arrival edge '-621271001', time=906.00.
Warning: Vehicle '206' teleports beyond arrival edge '-621271001', time=1001.00.
Warning: Vehicle '706' teleports beyond arrival edge '1190301745#0', time=1107.00.
Warning: Teleporting vehicle '445'; waited too long (yield), lane='-621271003_0', time=1145.00.
Warning: Teleporting vehicle '228'; waited too long (yield), lane='622835372_2', time=1171.00.
Warning: Teleporting vehicle '130'; waited too long (yield), lane=':cluster_30406198_7161921427_7161921428_2_0', time=1192.00.
Warning: Vehicle '130' ends teleporting on edge '4761588#1', time=1192.00.
Warning: Teleporting vehicle '125'; waited too long (yield), lane='1190301745#0_0', time=1193.00.
Warning: Vehicle '445' ends teleporting on edge '-621271001', time=1194.00.
Warning: Teleporting vehicle '71'; waited too long (yield), lane='623540942#0_2', time=1199.00.
Warning: Teleporting vehicle '207'; waited too long (wrong lane), lane='623540942#0_1', time=1201.00.
Warning: Vehicle '71' ends teleporting on edge '-621271001', time=1202.00.
Warning: Vehicle '228' ends teleporting on edge '621271003', time=1240.00.
Warning: Teleporting vehicle '1164'; waited too long (yield), lane='622835372_0', time=1245.00.
Warning: Teleporting vehicle '149'; waited too long (yield), lane='42790161#2_2', time=1245.00.
Warning: Teleporting vehicle '872'; waited too long (yield), lane='42790161#2_0', time=1249.00.
Warning: Vehicle '1164' ends teleporting on edge '-1190301745#0', time=1258.00.
Warning: Vehicle '125' ends teleporting on edge '380081148#0', time=1262.00.
Warning: Vehicle '207' ends teleporting on edge '-1190301745#0', time=1287.00.
Warning: Teleporting vehicle '493'; waited too long (yield), lane='380081149#1_0', time=1293.00.
Warning: Vehicle '493' ends teleporting on edge '623540942#0', time=1293.00.
Warning: Vehicle '872' teleports beyond arrival edge '623540942#0', time=1349.00.
Warning: Teleporting vehicle '240'; waited too long (yield), lane='622835372_2', time=1476.00.
Warning: Teleporting vehicle '70'; waited too long (jam), lane='623540942#0_2', time=1503.00.
Warning: Teleporting vehicle '133'; waited too long (yield), lane=':cluster_54994556_7161921429_22_0', time=1503.00.
Warning: Teleporting vehicle '464'; waited too long (yield), lane='-621271003_0', time=1506.00.
Warning: Vehicle '149' teleports beyond arrival edge '-1190301745#0', time=1513.00.
Warning: Teleporting vehicle '1757'; waited too long (yield), lane='42790161#2_1', time=1537.00.
Warning: Vehicle '1757' ends teleporting on edge '623540942#0', time=1537.00.
Warning: Vehicle '240' ends teleporting on edge '621271003', time=1545.00.
Warning: Teleporting vehicle '153'; waited too long (jam), lane='42790161#2_2', time=1551.00.
Warning: Teleporting vehicle '1018'; waited too long (jam), lane='42790161#2_0', time=1555.00.
Warning: Vehicle '1018' ends teleporting on edge '623540942#0', time=1555.00.
Warning: Teleporting vehicle '235'; waited too long (jam), lane='7521008#0_0', time=1560.00.
Warning: Vehicle '133' teleports beyond arrival edge '-621271001', time=1571.00.
Warning: Vehicle '235' ends teleporting on edge '4761588#1', time=1590.00.
Warning: Teleporting vehicle '502'; waited too long (jam), lane='380081149#1_0', time=1598.00.
Warning: Vehicle '502' ends teleporting on edge '623540942#0', time=1598.00.
Warning: Teleporting vehicle '1341'; waited too long (yield), lane='622835372_0', time=1599.00.
Warning: Teleporting vehicle '226'; waited too long (yield), lane='1190301745#0_0', time=1604.00.
Warning: Vehicle '1341' ends teleporting on edge '-1190301745#0', time=1605.00.
Warning: Teleporting vehicle '676'; waited too long (jam), lane='380081149#0_0', time=1619.00.
Warning: Vehicle '70' teleports beyond arrival edge '621271001', time=1639.00.
Warning: Vehicle '464' teleports beyond arrival edge '621271001', time=1642.00.
Warning: Vehicle '226' ends teleporting on edge '380081148#0', time=1673.00.
Warning: Vehicle '676' ends teleporting on edge '596638461#0', time=1778.00.
Warning: Teleporting vehicle '301'; waited too long (yield), lane='623540942#0_2', time=1807.00.
Warning: Teleporting vehicle '370'; waited too long (wrong lane), lane='623540942#0_1', time=1808.00.
Warning: Teleporting vehicle '473'; waited too long (yield), lane='-621271003_0', time=1811.00.
Warning: Teleporting vehicle '429'; waited too long (yield), lane='-621271001_0', time=1817.00.
Warning: Vehicle '301' ends teleporting on edge '-621271001', time=1817.00.
Warning: Teleporting vehicle '268'; waited too long (yield), lane='622835372_2', time=1837.00.
Warning: Teleporting vehicle '173'; waited too long (jam), lane='-621271001_0', time=1842.00.
Warning: Vehicle '173' teleports beyond arrival edge '-621271001', time=1842.00.
Warning: Teleporting vehicle '105'; waited too long (yield), lane='621271001_0', time=1842.00.
Warning: Vehicle '268' ends teleporting on edge '621271001', time=1842.00.
Warning: Vehicle '105' ends teleporting on edge '-621271001', time=1843.00.
Warning: Vehicle '153' teleports beyond arrival edge '-7521008#1', time=1848.00.
Warning: Teleporting vehicle '1894'; waited too long (jam), lane='42790161#2_1', time=1849.00.
Warning: Vehicle '1894' ends teleporting on edge '623540942#0', time=1849.00.
Warning: Teleporting vehicle '176'; waited too long (yield), lane='42790161#2_2', time=1859.00.
Warning: Vehicle '176' ends teleporting on edge '623540942#0', time=1859.00.
Warning: Teleporting vehicle '1243'; waited too long (yield), lane='42790161#2_0', time=1860.00.
Warning: Vehicle '1243' ends teleporting on edge '623540942#0', time=1860.00.
Warning: Vehicle '370' ends teleporting on edge '4761588#1', time=1877.00.
Warning: Vehicle '429' teleports beyond arrival edge '621271001', time=1885.00.
Warning: Teleporting vehicle '108'; waited too long (yield), lane='621271001_0', time=1901.00.
Warning: Teleporting vehicle '72'; waited too long (jam), lane='7521008#0_0', time=1920.00.
Warning: Vehicle '72' teleports beyond arrival edge '1190301745#0', time=1949.00.
Warning: Teleporting vehicle '1373'; waited too long (yield), lane='622835372_0', time=1958.00.
Warning: Vehicle '1373' ends teleporting on edge '-1190301745#0', time=1961.00.
Warning: Teleporting vehicle '247'; waited too long (yield), lane='1190301745#0_0', time=1963.00.
Warning: Vehicle '108' ends teleporting on edge '-1190301745#0', time=1971.00.
Warning: Vehicle '473' teleports beyond arrival edge '-7521008#1', time=1976.00.
Warning: Vehicle '247' teleports beyond arrival edge '621271001', time=2031.00.
Warning: Teleporting vehicle '514'; waited too long (yield), lane='-621271003_0', time=2117.00.
Warning: Vehicle '514' ends teleporting on edge '4761588#1', time=2186.00.
Warning: Teleporting vehicle '129'; waited too long (yield), lane='621271001_0', time=2210.00.
Warning: Teleporting vehicle '288'; waited too long (jam), lane='42790161#2_2', time=2212.00.
Warning: Teleporting vehicle '390'; waited too long (yield), lane='622835372_2', time=2220.00.
Warning: Vehicle '390' teleports beyond arrival edge '621271001', time=2246.00.
Warning: Teleporting vehicle '83'; waited too long (yield), lane='623540942#0_2', time=2277.00.
Warning: Vehicle '288' ends teleporting on edge '623540942#0', time=2277.00.
Warning: Vehicle '129' teleports beyond arrival edge '-7521008#1', time=2375.00.
Warning: Vehicle '83' ends teleporting on edge '-1190301745#0', time=2379.00.
Warning: Teleporting vehicle '2669'; waited too long (yield), lane='42790161#2_1', time=2391.00.
Warning: Teleporting vehicle '176'; waited too long (jam), lane='623540942#0_2', time=2391.00.
Warning: Vehicle '2669' ends teleporting on edge '623540942#0', time=2403.00.
Warning: Teleporting vehicle '517'; waited too long (jam), lane='-621271003_0', time=2421.00.
Warning: Vehicle '176' teleports beyond arrival edge '-1190301745#0', time=2476.00.
Warning: Teleporting vehicle '320'; waited too long (yield), lane='42790161#2_2', time=2516.00.
Warning: Teleporting vehicle '600'; waited too long (yield), lane='622835372_2', time=2651.00.
Warning: Teleporting vehicle '4343'; waited too long (yield), lane='42790161#2_0', time=2686.00.
Warning: Vehicle '4343' ends teleporting on edge '623540942#0', time=2686.00.
Warning: Teleporting vehicle '361'; waited too long (yield), lane='1190301745#0_0', time=2688.00.
Warning: Teleporting vehicle '229'; waited too long (yield), lane='-621271001_0', time=2694.00.
Warning: Vehicle '320' ends teleporting on edge '-621271001', time=2694.00.
Warning: Teleporting vehicle '2766'; waited too long (yield), lane='42790161#2_0', time=2696.00.
Warning: Vehicle '2766' ends teleporting on edge '623540942#0', time=2696.00.
Warning: Teleporting vehicle '3544'; waited too long (jam), lane=':766056686_0_0', time=2700.00.
Warning: Teleporting vehicle '427'; waited too long (yield), lane='623540942#0_2', time=2703.00.
Warning: Vehicle '229' ends teleporting on edge '621271001', time=2706.00.
Warning: Teleporting vehicle '519'; waited too long (yield), lane='-621271003_0', time=2725.00.
Warning: Vehicle '600' teleports beyond arrival edge '-621271001', time=2732.00.
Warning: Teleporting vehicle '832'; waited too long (yield), lane='380081149#1_0', time=2735.00.
Warning: Teleporting vehicle '2015'; waited too long (yield), lane='622835372_0', time=2737.00.
Warning: Vehicle '2015' ends teleporting on edge '-1190301745#0', time=2740.00.
Warning: Vehicle '427' ends teleporting on edge '-621271001', time=2754.00.
Warning: Vehicle '3544' ends teleporting on edge '623540942#0', time=2756.00.
Warning: Vehicle '361' ends teleporting on edge '621271003', time=2757.00.
Warning: Vehicle '832' ends teleporting on edge '623540942#0', time=2766.00.
Warning: Vehicle '519' ends teleporting on edge '4761588#1', time=2794.00.
Warning: Vehicle '517' teleports beyond arrival edge '1190301745#0', time=2799.00.
Warning: Teleporting vehicle '331'; waited too long (yield), lane='42790161#2_2', time=2840.00.
Warning: Teleporting vehicle '2839'; waited too long (jam), lane='42790161#2_1', time=2993.00.
Warning: Vehicle '2839' ends teleporting on edge '623540942#0', time=2993.00.
Warning: Teleporting vehicle '4773'; waited too long (jam), lane=':766056686_0_1', time=3004.00.
Warning: Teleporting vehicle '564'; waited too long (yield), lane='-621271003_0', time=3030.00.
Warning: Teleporting vehicle '936'; waited too long (yield), lane='622835372_2', time=3031.00.
Warning: Teleporting vehicle '842'; waited too long (jam), lane='380081149#1_0', time=3041.00.
Warning: Vehicle '4773' ends teleporting on edge '623540942#0', time=3060.00.
Warning: Teleporting vehicle '1068'; waited too long (jam), lane='380081149#0_0', time=3062.00.
Warning: Teleporting vehicle '526'; waited too long (wrong lane), lane='623540942#0_1', time=3065.00.
Warning: Teleporting vehicle '451'; waited too long (yield), lane='623540942#0_2', time=3066.00.
Warning: Vehicle '842' ends teleporting on edge '623540942#0', time=3066.00.
Warning: Teleporting vehicle '622'; waited too long (jam), lane='7521008#0_0', time=3075.00.
Warning: Vehicle '936' ends teleporting on edge '380081148#0', time=3100.00.
Warning: Teleporting vehicle '771'; waited too long (wrong lane), lane='623540942#0_0', time=3103.00.
Warning: Vehicle '622' ends teleporting on edge '4761588#1', time=3105.00.
Warning: Vehicle '564' ends teleporting on edge '-1190301745#0', time=3116.00.
Warning: Teleporting vehicle '3624'; waited too long (yield), lane='42790161#2_1', time=3122.00.
Warning: Vehicle '3624' ends teleporting on edge '623540942#0', time=3122.00.
Warning: Teleporting vehicle '2601'; waited too long (yield), lane='622835372_0', time=3127.00.
Warning: Vehicle '451' ends teleporting on edge '-621271001', time=3128.00.
Warning: Vehicle '331' teleports beyond arrival edge '-7521008#1', time=3137.00.
Warning: Vehicle '526' ends teleporting on edge '-1190301745#0', time=3164.00.
Warning: Teleporting vehicle '305'; waited too long (yield), lane='621271001_0', time=3171.00.
Warning: Vehicle '771' teleports beyond arrival edge '-621271001', time=3171.00.
Warning: Vehicle '2601' ends teleporting on edge '-7521008#1', time=3179.00.
Warning: Teleporting vehicle '379'; waited too long (yield), lane='42790161#2_2', time=3205.00.
Warning: Vehicle '1068' ends teleporting on edge '623540942#0', time=3221.00.
Warning: Vehicle '305' ends teleporting on edge '4761588#1', time=3240.00.
Warning: Teleporting vehicle '4345'; waited too long (yield), lane='42790161#2_0', time=3298.00.
Warning: Vehicle '4345' ends teleporting on edge '623540942#0', time=3298.00.
Warning: Teleporting vehicle '5457'; waited too long (jam), lane=':766056686_0_0', time=3312.00.
Warning: Teleporting vehicle '5570'; waited too long (jam), lane='42790161#0_0', time=3312.00.
Warning: Teleporting vehicle '592'; waited too long (yield), lane='-621271003_0', time=3335.00.
Warning: Teleporting vehicle '842'; waited too long (yield), lane='623540942#0_2', time=3367.00.
Warning: Vehicle '5457' ends teleporting on edge '623540942#0', time=3368.00.
Warning: Vehicle '5570' ends teleporting on edge '623540942#0', time=3370.00.
Warning: Vehicle '592' ends teleporting on edge '4761588#1', time=3404.00.
Warning: Teleporting vehicle '3178'; waited too long (yield), lane='42790161#2_0', time=3431.00.
Warning: Vehicle '3178' ends teleporting on edge '623540942#0', time=3431.00.
Warning: Vehicle '379' teleports beyond arrival edge '621271001', time=3473.00.
Warning: Teleporting vehicle '389'; waited too long (yield), lane='42790161#2_2', time=3510.00.
Warning: Teleporting vehicle '272'; waited too long (yield), lane='1190301745#0_0', time=3532.00.
Warning: Vehicle '842' teleports beyond arrival edge '-7521008#1', time=3532.00.
Warning: Teleporting vehicle '163'; waited too long (jam), lane='-621271001_0', time=3552.00.
Warning: Teleporting vehicle '354'; waited too long (yield), lane='621271001_0', time=3555.00.
Warning: Vehicle '272' ends teleporting on edge '621271001', time=3555.00.
Warning: Teleporting vehicle '970'; waited too long (yield), lane='622835372_2', time=3556.00.
Warning: Teleporting vehicle '3116'; waited too long (yield), lane='622835372_0', time=3579.00.
Warning: Vehicle '163' ends teleporting on edge '-1190301745#0', time=3579.00.
Warning: Vehicle '3116' ends teleporting on edge '-1190301745#0', time=3579.00.
Warning: Teleporting vehicle '169'; waited too long (yield), lane='622835372_2', time=420.00.
Warning: Teleporting vehicle '32'; waited too long (yield), lane='1190301745#0_0', time=443.00.
Warning: Teleporting vehicle '70'; waited too long (yield), lane='-621271001_0', time=481.00.
Warning: Teleporting vehicle '68'; waited too long (yield), lane='623540942#0_2', time=487.00.
Warning: Vehicle '169' teleports beyond arrival edge '621271001', time=488.00.
Warning: Teleporting vehicle '98'; waited too long (yield), lane=':cluster_54994556_7161921429_22_0', time=490.00.
Warning: Teleporting vehicle '248'; waited too long (yield), lane='-621271003_0', time=494.00.
Warning: Vehicle '32' ends teleporting on edge '621271001', time=500.00.
Warning: Teleporting vehicle '320'; waited too long (yield), lane='42790161#2_2', time=501.00.
Warning: Vehicle '98' ends teleporting on edge '4761588#1', time=541.00.
Warning: Vehicle '68' ends teleporting on edge '-1190301745#0', time=547.00.
Warning: Vehicle '70' teleports beyond arrival edge '621271001', time=549.00.
Warning: Vehicle '248' teleports beyond arrival edge '-621271001', time=562.00.
Warning: Teleporting vehicle '609'; waited too long (jam), lane='42790161#2_1', time=618.00.
Warning: Vehicle '609' ends teleporting on edge '380081148#0', time=719.00.
Warning: Teleporting vehicle '173'; waited too long (yield), lane='622835372_2', time=725.00.
Warning: Teleporting vehicle '183'; waited too long (wrong lane), lane='623540942#0_1', time=791.00.
Warning: Teleporting vehicle '83'; waited too long (yield), lane='623540942#0_2', time=791.00.
Warning: Vehicle '320' teleports beyond arrival edge '-7521008#1', time=798.00.
Warning: Teleporting vehicle '251'; waited too long (yield), lane='-621271003_0', time=799.00.
Warning: Teleporting vehicle '451'; waited too long (wrong lane), lane='623540942#0_0', time=825.00.
Warning: Teleporting vehicle '490'; waited too long (yield), lane='380081149#1_0', time=826.00.
Warning: Vehicle '490' ends teleporting on edge '623540942#0', time=826.00.
Warning: Teleporting vehicle '123'; waited too long (yield), lane=':cluster_30406198_7161921427_7161921428_2_0', time=841.00.
Warning: Vehicle '123' ends teleporting on edge '4761588#1', time=842.00.
Warning: Teleporting vehicle '668'; waited too long (jam), lane='380081149#0_0', time=847.00.
Warning: Vehicle '173' teleports beyond arrival edge '-621271001', time=861.00.
Warning: Vehicle '251' ends teleporting on edge '4761588#1', time=868.00.
Warning: Vehicle '451' teleports beyond arrival edge '-621271001', time=893.00.
Warning: Teleporting vehicle '125'; waited too long (yield), lane='1190301745#0_0', time=900.00.
Warning: Vehicle '83' teleports beyond arrival edge '-7521008#1', time=956.00.
Warning: Vehicle '183' teleports beyond arrival edge '-7521008#1', time=956.00.
Warning: Vehicle '125' ends teleporting on edge '380081148#0', time=969.00.
Warning: Vehicle '668' ends teleporting on edge '596638461#0', time=1006.00.
Warning: Teleporting vehicle '174'; waited too long (jam), lane='622835372_2', time=1030.00.
Warning: Teleporting vehicle '91'; waited too long (jam), lane='623540942#0_2', time=1095.00.
Warning: Vehicle '174' ends teleporting on edge '380081148#0', time=1099.00.
Warning: Teleporting vehicle '127'; waited too long (jam), lane='42790161#2_2', time=1109.00.
Warning: Vehicle '127' ends teleporting on edge '623540942#0', time=1109.00.
Warning: Teleporting vehicle '133'; waited too long (yield), lane=':cluster_54994556_7161921429_22_0', time=1153.00.
Warning: Teleporting vehicle '266'; waited too long (yield), lane='-621271003_0', time=1157.00.
Warning: Teleporting vehicle '521'; waited too long (jam), lane=':54994558_1_0', time=1159.00.
Warning: Vehicle '521' ends teleporting on edge '596638461#0', time=1159.00.
Warning: Teleporting vehicle '139'; waited too long (yield), lane=':cluster_30406198_7161921427_7161921428_2_0', time=1165.00.
Warning: Vehicle '139' ends teleporting on edge '4761588#1', time=1165.00.
Warning: Teleporting vehicle '731'; waited too long (jam), lane='380081149#0_0', time=1182.00.
Warning: Vehicle '91' ends teleporting on edge '-1190301745#0', time=1212.00.
Warning: Vehicle '133' teleports beyond arrival edge '-621271001', time=1221.00.
Warning: Vehicle '266' teleports beyond arrival edge '-7521008#1', time=1322.00.
Warning: Vehicle '731' ends teleporting on edge '380081149#1', time=1327.00.
Warning: Teleporting vehicle '284'; waited too long (yield), lane='-621271003_0', time=1461.00.
Warning: Teleporting vehicle '253'; waited too long (yield), lane='1190301745#0_0', time=1468.00.
Warning: Teleporting vehicle '379'; waited too long (yield), lane='42790161#2_2', time=1474.00.
Warning: Teleporting vehicle '149'; waited too long (yield), lane='623540942#0_2', time=1497.00.
Warning: Vehicle '379' ends teleporting on edge '623540942#0', time=1497.00.
Warning: Teleporting vehicle '301'; waited too long (wrong lane), lane='623540942#0_1', time=1506.00.
Warning: Teleporting vehicle '59'; waited too long (yield), lane='621271001_0', time=1512.00.
Warning: Vehicle '253' ends teleporting on edge '621271001', time=1512.00.
Warning: Teleporting vehicle '1607'; waited too long (yield), lane='622835372_0', time=1520.00.
Warning: Teleporting vehicle '228'; waited too long (yield), lane='622835372_2', time=1521.00.
Warning: Vehicle '1607' ends teleporting on edge '-1190301745#0', time=1523.00.
Warning: Vehicle '284' ends teleporting on edge '4761588#1', time=1530.00.
Warning: Vehicle '59' teleports beyond arrival edge '-621271001', time=1580.00.
Warning: Teleporting vehicle '2395'; waited too long (yield), lane='42790161#2_1', time=1588.00.
Warning: Vehicle '2395' ends teleporting on edge '623540942#0', time=1588.00.
Warning: Vehicle '228' ends teleporting on edge '621271003', time=1590.00.
Warning: Vehicle '149' teleports beyond arrival edge '-1190301745#0', time=1633.00.
Warning: Vehicle '301' ends teleporting on edge '-1190301745#0', time=1635.00.
Warning: Teleporting vehicle '832'; waited too long (yield), lane='380081149#1_0', time=1636.00.
Warning: Teleporting vehicle '1276'; waited too long (yield), lane='42790161#2_0', time=1671.00.
Warning: Vehicle '1276' ends teleporting on edge '623540942#0', time=1671.00.
Warning: Teleporting vehicle '298'; waited too long (yield), lane='-621271003_0', time=1766.00.
Warning: Teleporting vehicle '2936'; waited too long (jam), lane=':766056686_0_0', time=1779.00.
Warning: Teleporting vehicle '389'; waited too long (yield), lane='42790161#2_2', time=1780.00.
Warning: Teleporting vehicle '379'; waited too long (yield), lane='623540942#0_2', time=1798.00.
Warning: Vehicle '389' ends teleporting on edge '623540942#0', time=1798.00.
Warning: Teleporting vehicle '370'; waited too long (wrong lane), lane='623540942#0_1', time=1821.00.
Warning: Teleporting vehicle '240'; waited too long (jam), lane='622835372_2', time=1826.00.
Warning: Vehicle '298' ends teleporting on edge '4761588#1', time=1835.00.
Warning: Vehicle '2936' ends teleporting on edge '623540942#0', time=1835.00.
Warning: Vehicle '370' ends teleporting on edge '4761588#1', time=1890.00.
Warning: Vehicle '240' ends teleporting on edge '621271003', time=1895.00.
Warning: Teleporting vehicle '1286'; waited too long (jam), lane='42790161#2_0', time=1897.00.
Warning: Teleporting vehicle '127'; waited too long (jam), lane='-621271001_0', time=1898.00.
Warning: Vehicle '832' teleports beyond arrival edge '621271001', time=1904.00.
Warning: Teleporting vehicle '196'; waited too long (yield), lane='1190301745#0_0', time=1910.00.
Warning: Vehicle '379' teleports beyond arrival edge '621271001', time=1934.00.
Warning: Vehicle '127' ends teleporting on edge '-7521008#1', time=1936.00.
Warning: Teleporting vehicle '842'; waited too long (jam), lane='380081149#1_0', time=1942.00.
Warning: Teleporting vehicle '1068'; waited too long (jam), lane='380081149#0_0', time=1962.00.
Warning: Vehicle '196' teleports beyond arrival edge '-7521008#1', time=1968.00.
Warning: Teleporting vehicle '2326'; waited too long (yield), lane='622835372_0', time=1971.00.
Warning: Teleporting vehicle '2766'; waited too long (jam), lane='42790161#2_0', time=1983.00.
Warning: Vehicle '2326' ends teleporting on edge '-1190301745#0', time=1989.00.
Warning: Vehicle '1286' ends teleporting on edge '380081148#0', time=1998.00.
Warning: Teleporting vehicle '300'; waited too long (yield), lane='-621271003_0', time=2071.00.
Warning: Teleporting vehicle '3333'; waited too long (jam), lane=':766056686_0_0', time=2084.00.
Warning: Vehicle '2766' ends teleporting on edge '380081148#0', time=2084.00.
Warning: Teleporting vehicle '408'; waited too long (jam), lane='42790161#2_2', time=2099.00.
Warning: Teleporting vehicle '389'; waited too long (jam), lane='623540942#0_2', time=2099.00.
Warning: Vehicle '408' ends teleporting on edge '623540942#0', time=2099.00.
Warning: Vehicle '1068' ends teleporting on edge '623540942#0', time=2121.00.
Warning: Teleporting vehicle '816'; waited too long (wrong lane), lane='623540942#0_0', time=2139.00.
Warning: Vehicle '3333' ends teleporting on edge '623540942#0', time=2140.00.
Warning: Teleporting vehicle '1281'; waited too long (jam), lane='42790161#2_0', time=2153.00.
Warning: Vehicle '1281' teleports beyond arrival edge '42790161#2', time=2153.00.
Warning: Vehicle '816' teleports beyond arrival edge '-621271001', time=2207.00.
Warning: Teleporting vehicle '197'; waited too long (yield), lane='621271001_0', time=2222.00.
Warning: Teleporting vehicle '390'; waited too long (yield), lane='622835372_2', time=2229.00.
Warning: Vehicle '300' teleports beyond arrival edge '-7521008#1', time=2236.00.
Warning: Vehicle '842' teleports beyond arrival edge '-7521008#1', time=2239.00.
Warning: Vehicle '389' ends teleporting on edge '-7521008#1', time=2258.00.
Warning: Vehicle '390' teleports beyond arrival edge '621271001', time=2297.00.
Warning: Teleporting vehicle '304'; waited too long (yield), lane='-621271003_0', time=2376.00.
Warning: Teleporting vehicle '421'; waited too long (wrong lane), lane='623540942#0_1', time=2404.00.
Warning: Teleporting vehicle '262'; waited too long (yield), lane='623540942#0_2', time=2404.00.
Warning: Teleporting vehicle '426'; waited too long (yield), lane='42790161#2_2', time=2405.00.
Warning: Teleporting vehicle '906'; waited too long (yield), lane='380081149#1_0', time=2511.00.
Warning: Vehicle '304' teleports beyond arrival edge '-1190301745#0', time=2512.00.
Warning: Teleporting vehicle '229'; waited too long (yield), lane=':cluster_30406198_7161921427_7161921428_4_0', time=2534.00.
Warning: Teleporting vehicle '1190'; waited too long (jam), lane='380081149#0_0', time=2534.00.
Warning: Teleporting vehicle '401'; waited too long (yield), lane='622835372_2', time=2535.00.
Warning: Vehicle '262' teleports beyond arrival edge '621271001', time=2540.00.
Warning: Teleporting vehicle '688'; waited too long (yield), lane='1190301745#0_0', time=2541.00.
Warning: Vehicle '197' ends teleporting on edge '1190301745#0', time=2541.00.
Warning: Teleporting vehicle '3320'; waited too long (jam), lane='42790161#2_1', time=2549.00.
Warning: Vehicle '421' teleports beyond arrival edge '-7521008#1', time=2569.00.
Warning: Teleporting vehicle '204'; waited too long (yield), lane='621271001_0', time=2587.00.
Warning: Vehicle '229' ends teleporting on edge '621271001', time=2587.00.
Warning: Teleporting vehicle '3116'; waited too long (yield), lane='622835372_0', time=2595.00.
Warning: Vehicle '3116' ends teleporting on edge '-1190301745#0', time=2595.00.
Warning: Vehicle '204' ends teleporting on edge '-621271001', time=2599.00.
Warning: Vehicle '906' ends teleporting on edge '623540942#0', time=2603.00.
Warning: Vehicle '401' ends teleporting on edge '380081148#0', time=2604.00.
Warning: Vehicle '426' ends teleporting on edge '4761588#1', time=2606.00.
Warning: Vehicle '688' ends teleporting on edge '380081148#0', time=2610.00.
Warning: Vehicle '3320' ends teleporting on edge '623540942#0', time=2647.00.
Warning: Teleporting vehicle '334'; waited too long (yield), lane='-621271003_0', time=2682.00.
Warning: Vehicle '1190' ends teleporting on edge '596638461#0', time=2693.00.
Warning: Teleporting vehicle '435'; waited too long (jam), lane='42790161#2_2', time=2710.00.
Warning: Vehicle '334' ends teleporting on edge '4761588#1', time=2751.00.
Warning: Teleporting vehicle '566'; waited too long (yield), lane='622835372_2', time=2840.00.
Warning: Teleporting vehicle '3252'; waited too long (yield), lane='42790161#2_1', time=2854.00.
Warning: Vehicle '3252' ends teleporting on edge '623540942#0', time=2854.00.
Warning: Teleporting vehicle '4890'; waited too long (jam), lane=':766056686_0_1', time=2866.00.
Warning: Teleporting vehicle '798'; waited too long (yield), lane='623540942#0_2', time=2936.00.
Warning: Vehicle '4890' ends teleporting on edge '623540942#0', time=2936.00.
Warning: Teleporting vehicle '427'; waited too long (jam), lane='-621271001_0', time=2964.00.
Warning: Vehicle '566' ends teleporting on edge '-621271001', time=2964.00.
Warning: Teleporting vehicle '276'; waited too long (yield), lane='621271001_0', time=2973.00.
Warning: Vehicle '435' ends teleporting on edge '621271001', time=2973.00.
Warning: Teleporting vehicle '744'; waited too long (yield), lane='1190301745#0_0', time=2983.00.
Warning: Vehicle '744' ends teleporting on edge '621271001', time=2985.00.
Warning: Teleporting vehicle '350'; waited too long (yield), lane='-621271003_0', time=2986.00.
Warning: Teleporting vehicle '1013'; waited too long (yield), lane='380081149#1_0', time=2990.00.
Warning: Vehicle '427' teleports beyond arrival edge '-1190301745#0', time=2993.00.
Warning: Teleporting vehicle '4345'; waited too long (yield), lane='42790161#2_1', time=3003.00.
Warning: Vehicle '4345' ends teleporting on edge '623540942#0', time=3003.00.
Warning: Vehicle '798' teleports beyond arrival edge '-621271001', time=3004.00.
Warning: Teleporting vehicle '1313'; waited too long (jam), lane='380081149#0_0', time=3011.00.
Warning: Teleporting vehicle '444'; waited too long (yield), lane='42790161#2_2', time=3014.00.
Warning: Teleporting vehicle '3470'; waited too long (yield), lane='622835372_0', time=3036.00.
Warning: Vehicle '3470' ends teleporting on edge '-1190301745#0', time=3041.00.
Warning: Vehicle '276' ends teleporting on edge '4761588#1', time=3042.00.
Warning: Vehicle '350' ends teleporting on edge '-621271001', time=3049.00.
Warning: Teleporting vehicle '3475'; waited too long (jam), lane='622835372_0', time=3083.00.
Warning: Vehicle '3475' ends teleporting on edge '-1190301745#0', time=3099.00.
Warning: Vehicle '444' ends teleporting on edge '-621271001', time=3118.00.
Warning: Teleporting vehicle '600'; waited too long (yield), lane='622835372_2', time=3145.00.
Warning: Vehicle '1313' ends teleporting on edge '596638461#0', time=3152.00.
Warning: Teleporting vehicle '4011'; waited too long (jam), lane='42790161#2_0', time=3158.00.
Warning: Vehicle '4011' ends teleporting on edge '623540942#0', time=3158.00.
Warning: Teleporting vehicle '5050'; waited too long (jam), lane=':766056686_0_0', time=3172.00.
Warning: Vehicle '5050' ends teleporting on edge '623540942#0', time=3228.00.
Warning: Vehicle '1013' teleports beyond arrival edge '621271001', time=3258.00.
Warning: Vehicle '600' teleports beyond arrival edge '-621271001', time=3281.00.
Warning: Teleporting vehicle '3217'; waited too long (yield), lane='42790161#2_0', time=3308.00.
Warning: Vehicle '3217' ends teleporting on edge '623540942#0', time=3308.00.
Warning: Teleporting vehicle '429'; waited too long (yield), lane='-621271003_0', time=3430.00.
Warning: Teleporting vehicle '692'; waited too long (yield), lane='621271001_0', time=3439.00.
Warning: Teleporting vehicle '781'; waited too long (yield), lane='1190301745#0_0', time=3447.00.
Warning: Teleporting vehicle '515'; waited too long (jam), lane='42790161#2_2', time=3451.00.
Warning: Teleporting vehicle '898'; waited too long (jam), lane='623540942#0_2', time=3459.00.
Warning: Vehicle '515' ends teleporting on edge '623540942#0', time=3459.00.
Warning: Teleporting vehicle '741'; waited too long (wrong lane), lane='623540942#0_1', time=3460.00.
Warning: Teleporting vehicle '3371'; waited too long (yield), lane='42790161#2_1', time=3465.00.
Warning: Vehicle '3371' ends teleporting on edge '623540942#0', time=3465.00.
Warning: Teleporting vehicle '956'; waited too long (wrong lane), lane='623540942#0_0', time=3491.00.
Warning: Teleporting vehicle '3634'; waited too long (yield), lane='622835372_0', time=3496.00.
Warning: Vehicle '692' teleports beyond arrival edge '-621271001', time=3507.00.
Warning: Teleporting vehicle '1127'; waited too long (yield), lane='380081149#1_0', time=3511.00.
Warning: Vehicle '741' ends teleporting on edge '4761588#1', time=3529.00.
Warning: Vehicle '3634' teleports beyond arrival edge '-7521008#1', time=3534.00.
Warning: Vehicle '898' ends teleporting on edge '-1190301745#0', time=3544.00.
Warning: Vehicle '429' teleports beyond arrival edge '621271001', time=3566.00.
Warning: Vehicle '781' teleports beyond arrival edge '-621271001', time=3566.00.
Warning: Teleporting vehicle '169'; waited too long (jam), lane='622835372_2', time=420.00.
Warning: Teleporting vehicle '32'; waited too long (yield), lane='1190301745#0_0', time=443.00.
Warning: Teleporting vehicle '170'; waited too long (yield), lane='-621271001_0', time=482.00.
Warning: Teleporting vehicle '68'; waited too long (yield), lane='623540942#0_2', time=488.00.
Warning: Vehicle '169' teleports beyond arrival edge '621271001', time=488.00.
Warning: Teleporting vehicle '98'; waited too long (yield), lane=':cluster_54994556_7161921429_22_0', time=490.00.
Warning: Teleporting vehicle '248'; waited too long (yield), lane='-621271003_0', time=494.00.
Warning: Vehicle '32' ends teleporting on edge '621271001', time=500.00.
Warning: Vehicle '170' ends teleporting on edge '621271001', time=504.00.
Warning: Teleporting vehicle '331'; waited too long (yield), lane='42790161#2_2', time=507.00.
Warning: Vehicle '98' ends teleporting on edge '4761588#1', time=537.00.
Warning: Vehicle '248' teleports beyond arrival edge '-621271001', time=547.00.
Warning: Teleporting vehicle '512'; waited too long (yield), lane='622835372_0', time=565.00.
Warning: Vehicle '68' teleports beyond arrival edge '-1190301745#0', time=599.00.
Warning: Teleporting vehicle '609'; waited too long (jam), lane='42790161#2_1', time=619.00.
Warning: Vehicle '609' ends teleporting on edge '623540942#0', time=619.00.
Warning: Vehicle '512' teleports beyond arrival edge '-7521008#1', time=623.00.
Warning: Teleporting vehicle '493'; waited too long (yield), lane='380081149#1_0', time=644.00.
Warning: Vehicle '493' ends teleporting on edge '623540942#0', time=644.00.
Warning: Teleporting vehicle '621'; waited too long (yield), lane='42790161#2_0', time=657.00.
Warning: Vehicle '621' ends teleporting on edge '623540942#0', time=657.00.
Warning: Teleporting vehicle '59'; waited too long (yield), lane='1190301745#0_0', time=759.00.
Warning: Teleporting vehicle '14'; waited too long (jam), lane='7521008#0_0', time=763.00.
Warning: Vehicle '14' ends teleporting on edge '1190301745#0', time=764.00.
Warning: Teleporting vehicle '70'; waited too long (yield), lane='-621271001_0', time=791.00.
Warning: Teleporting vehicle '183'; waited too long (wrong lane), lane='623540942#0_1', time=792.00.
Warning: Teleporting vehicle '83'; waited too long (yield), lane='623540942#0_2', time=793.00.
Warning: Teleporting vehicle '420'; waited too long (jam), lane='-1190301745#0_0', time=794.00.
Warning: Teleporting vehicle '251'; waited too long (yield), lane='-621271003_0', time=799.00.
Warning: Vehicle '331' teleports beyond arrival edge '-7521008#1', time=804.00.
Warning: Teleporting vehicle '127'; waited too long (jam), lane='42790161#2_2', time=811.00.
Warning: Teleporting vehicle '228'; waited too long (yield), lane='622835372_2', time=815.00.
Warning: Vehicle '59' ends teleporting on edge '-621271001', time=832.00.
Warning: Vehicle '70' ends teleporting on edge '621271001', time=833.00.
Warning: Vehicle '83' ends teleporting on edge '-621271001', time=837.00.
Warning: Vehicle '228' ends teleporting on edge '621271001', time=850.00.
Warning: Vehicle '183' ends teleporting on edge '-621271001', time=852.00.
Warning: Vehicle '251' ends teleporting on edge '-621271001', time=857.00.
Warning: Vehicle '127' ends teleporting on edge '623540942#0', time=871.00.
Warning: Vehicle '420' ends teleporting on edge '7521008#0', time=968.00.
Warning: Teleporting vehicle '379'; waited too long (yield), lane='42790161#2_2', time=1120.00.
Warning: Vehicle '379' ends teleporting on edge '623540942#0', time=1128.00.
Warning: Teleporting vehicle '284'; waited too long (yield), lane='-621271003_0', time=1220.00.
Warning: Vehicle '284' ends teleporting on edge '4761588#1', time=1289.00.
Warning: Teleporting vehicle '108'; waited too long (yield), lane='621271001_0', time=1357.00.
Warning: Teleporting vehicle '600'; waited too long (yield), lane='622835372_2', time=1367.00.
Warning: Teleporting vehicle '213'; waited too long (yield), lane='623540942#0_2', time=1417.00.
Warning: Teleporting vehicle '389'; waited too long (yield), lane='42790161#2_2', time=1425.00.
Warning: Vehicle '389' ends teleporting on edge '623540942#0', time=1440.00.
Warning: Vehicle '600' teleports beyond arrival edge '-621271001', time=1453.00.
Warning: Teleporting vehicle '298'; waited too long (yield), lane='-621271003_0', time=1525.00.
Warning: Teleporting vehicle '816'; waited too long (wrong lane), lane='623540942#0_0', time=1531.00.
Warning: Teleporting vehicle '906'; waited too long (yield), lane='380081149#1_0', time=1548.00.
Warning: Teleporting vehicle '1188'; waited too long (jam), lane='380081149#0_0', time=1568.00.
Warning: Vehicle '298' ends teleporting on edge '4761588#1', time=1594.00.
Warning: Vehicle '816' teleports beyond arrival edge '-621271001', time=1599.00.
Warning: Teleporting vehicle '302'; waited too long (yield), lane='1190301745#0_0', time=1672.00.
Warning: Vehicle '108' ends teleporting on edge '1190301745#0', time=1672.00.
Warning: Vehicle '213' ends teleporting on edge '1190301745#0', time=1716.00.
Warning: Teleporting vehicle '1976'; waited too long (yield), lane='622835372_0', time=1721.00.
Warning: Vehicle '1976' ends teleporting on edge '-1190301745#0', time=1721.00.
Warning: Teleporting vehicle '598'; waited too long (wrong lane), lane='623540942#0_1', time=1722.00.
Warning: Teleporting vehicle '427'; waited too long (yield), lane='623540942#0_2', time=1723.00.
Warning: Vehicle '1188' ends teleporting on edge '623540942#0', time=1727.00.
Warning: Teleporting vehicle '566'; waited too long (yield), lane='621271001_0', time=1736.00.
Warning: Vehicle '302' ends teleporting on edge '621271001', time=1736.00.
Warning: Teleporting vehicle '854'; waited too long (yield), lane='622835372_2', time=1739.00.
Warning: Teleporting vehicle '262'; waited too long (yield), lane='-621271001_0', time=1744.00.
Warning: Vehicle '427' ends teleporting on edge '-621271001', time=1744.00.
Warning: Teleporting vehicle '408'; waited too long (yield), lane='42790161#2_2', time=1747.00.
Warning: Vehicle '906' ends teleporting on edge '4761588#1', time=1749.00.
Warning: Vehicle '408' ends teleporting on edge '623540942#0', time=1765.00.
Warning: Vehicle '598' ends teleporting on edge '-1190301745#0', time=1791.00.
Warning: Vehicle '262' ends teleporting on edge '621271001', time=1798.00.
Warning: Vehicle '566' teleports beyond arrival edge '-621271001', time=1804.00.
Warning: Vehicle '854' ends teleporting on edge '621271001', time=1806.00.
Warning: Teleporting vehicle '956'; waited too long (yield), lane='380081149#1_0', time=2102.00.
Warning: Vehicle '956' ends teleporting on edge '623540942#0', time=2102.00.
Warning: Teleporting vehicle '2097'; waited too long (yield), lane='42790161#2_0', time=2109.00.
Warning: Vehicle '2097' ends teleporting on edge '623540942#0', time=2109.00.
Warning: Teleporting vehicle '304'; waited too long (jam), lane='-621271003_0', time=2116.00.
Warning: Teleporting vehicle '3012'; waited too long (jam), lane=':766056686_0_0', time=2122.00.
Warning: Teleporting vehicle '435'; waited too long (yield), lane='42790161#2_2', time=2137.00.
Warning: Teleporting vehicle '1894'; waited too long (yield), lane='42790161#2_0', time=2138.00.
Warning: Vehicle '1894' ends teleporting on edge '623540942#0', time=2138.00.
Warning: Vehicle '3012' ends teleporting on edge '42790161#2', time=2138.00.
Warning: Teleporting vehicle '287'; waited too long (jam), lane='7521008#0_0', time=2168.00.
Warning: Teleporting vehicle '996'; waited too long (yield), lane='622835372_2', time=2180.00.
Warning: Teleporting vehicle '2664'; waited too long (yield), lane='622835372_0', time=2189.00.
Warning: Teleporting vehicle '272'; waited too long (yield), lane='1190301745#0_0', time=2196.00.
Warning: Vehicle '287' ends teleporting on edge '1190301745#0', time=2196.00.
Warning: Teleporting vehicle '166'; waited too long (yield), lane='-621271001_0', time=2197.00.
Warning: Teleporting vehicle '273'; waited too long (yield), lane='1190301745#0_0', time=2197.00.
Warning: Teleporting vehicle '731'; waited too long (wrong lane), lane='623540942#0_1', time=2209.00.
Warning: Teleporting vehicle '589'; waited too long (yield), lane='623540942#0_2', time=2210.00.
Warning: Vehicle '435' ends teleporting on edge '623540942#0', time=2210.00.
Warning: Teleporting vehicle '741'; waited too long (wrong lane), lane='623540942#0_1', time=2211.00.
Warning: Vehicle '2664' teleports beyond arrival edge '-1190301745#0', time=2218.00.
Warning: Vehicle '996' ends teleporting on edge '380081148#0', time=2249.00.
Warning: Vehicle '304' teleports beyond arrival edge '-1190301745#0', time=2252.00.
Warning: Vehicle '166' teleports beyond arrival edge '621271001', time=2265.00.
Warning: Vehicle '272' ends teleporting on edge '621271003', time=2265.00.
Warning: Vehicle '273' teleports beyond arrival edge '621271001', time=2265.00.
Warning: Vehicle '589' ends teleporting on edge '-621271001', time=2267.00.
Warning: Vehicle '731' ends teleporting on edge '-621271001', time=2269.00.
Warning: Vehicle '741' ends teleporting on edge '4761588#1', time=2280.00.
Warning: Teleporting vehicle '2385'; waited too long (jam), lane='42790161#2_0', time=2343.00.
Warning: Vehicle '2385' ends teleporting on edge '623540942#0', time=2343.00.
Warning: Teleporting vehicle '334'; waited too long (yield), lane='-621271003_0', time=2421.00.
Warning: Vehicle '334' ends teleporting on edge '-621271001', time=2436.00.
Warning: Teleporting vehicle '1152'; waited too long (yield), lane='622835372_2', time=2708.00.
Warning: Vehicle '1152' ends teleporting on edge '380081148#0', time=2777.00.
Warning: Teleporting vehicle '953'; waited too long (yield), lane='1190301745#0_0', time=2843.00.
Warning: Teleporting vehicle '277'; waited too long (jam), lane='-621271001_0', time=2887.00.
Warning: Teleporting vehicle '320'; waited too long (yield), lane='623540942#0_2', time=2891.00.
Warning: Vehicle '277' ends teleporting on edge '-1190301745#0', time=2896.00.
Warning: Teleporting vehicle '781'; waited too long (yield), lane=':cluster_54994556_7161921429_22_0', time=2897.00.
Warning: Teleporting vehicle '353'; waited too long (yield), lane='-621271003_0', time=2899.00.
Warning: Teleporting vehicle '3236'; waited too long (yield), lane='622835372_0', time=2900.00.
Warning: Vehicle '953' teleports beyond arrival edge '621271001', time=2911.00.
Warning: Teleporting vehicle '2839'; waited too long (yield), lane='42790161#2_1', time=2924.00.
Warning: Vehicle '2839' ends teleporting on edge '623540942#0', time=2924.00.
Warning: Vehicle '3236' teleports beyond arrival edge '-1190301745#0', time=2929.00.
Warning: Teleporting vehicle '515'; waited too long (yield), lane='42790161#2_2', time=2930.00.
Warning: Vehicle '781' teleports beyond arrival edge '-621271001', time=2938.00.
Warning: Vehicle '353' ends teleporting on edge '-1190301745#0', time=2951.00.
Warning: Teleporting vehicle '3965'; waited too long (yield), lane='42790161#2_0', time=2955.00.
Warning: Vehicle '320' ends teleporting on edge '-1190301745#0', time=2967.00.
Warning: Vehicle '3965' ends teleporting on edge '623540942#0', time=3005.00.
Warning: Vehicle '515' teleports beyond arrival edge '621271001', time=3196.00.
Warning: Teleporting vehicle '368'; waited too long (yield), lane='-621271003_0', time=3206.00.
Warning: Teleporting vehicle '832'; waited too long (yield), lane='-621271001_0', time=3218.00.
Warning: Vehicle '368' ends teleporting on edge '-621271001', time=3218.00.
Warning: Teleporting vehicle '1013'; waited too long (wrong lane), lane='623540942#0_1', time=3220.00.
Warning: Teleporting vehicle '1209'; waited too long (wrong lane), lane='623540942#0_1', time=3221.00.
Warning: Teleporting vehicle '1127'; waited too long (jam), lane='623540942#0_2', time=3221.00.
Warning: Teleporting vehicle '981'; waited too long (yield), lane='1190301745#0_0', time=3222.00.
Warning: Vehicle '1013' ends teleporting on edge '-621271001', time=3229.00.
Warning: Teleporting vehicle '2952'; waited too long (yield), lane='42790161#2_1', time=3230.00.
Warning: Vehicle '2952' ends teleporting on edge '623540942#0', time=3230.00.
Warning: Teleporting vehicle '3734'; waited too long (jam), lane=':766056686_0_1', time=3242.00.
Warning: Teleporting vehicle '3761'; waited too long (jam), lane='42790161#0_1', time=3242.00.
Warning: Teleporting vehicle '354'; waited too long (yield), lane='621271001_0', time=3254.00.
Warning: Vehicle '832' ends teleporting on edge '621271001', time=3254.00.
Warning: Teleporting vehicle '1216'; waited too long (yield), lane='622835372_2', time=3264.00.
Warning: Teleporting vehicle '3546'; waited too long (yield), lane='622835372_0', time=3266.00.
Warning: Teleporting vehicle '1485'; waited too long (yield), lane='380081149#1_0', time=3271.00.
Warning: Teleporting vehicle '2958'; waited too long (jam), lane='42790161#2_1', time=3273.00.
Warning: Vehicle '2958' teleports beyond arrival edge '42790161#2', time=3273.00.
Warning: Teleporting vehicle '572'; waited too long (jam), lane='42790161#2_2', time=3281.00.
Warning: Vehicle '572' ends teleporting on edge '623540942#0', time=3281.00.
Warning: Vehicle '1485' ends teleporting on edge '623540942#0', time=3283.00.
Warning: Vehicle '1127' teleports beyond arrival edge '-621271001', time=3289.00.
Warning: Vehicle '981' ends teleporting on edge '621271003', time=3291.00.
Warning: Vehicle '1209' ends teleporting on edge '-1190301745#0', time=3293.00.
Warning: Vehicle '3734' teleports beyond arrival edge '42790161#2', time=3297.00.
Warning: Vehicle '3761' teleports beyond arrival edge '42790161#2', time=3297.00.
Warning: Vehicle '354' ends teleporting on edge '4761588#1', time=3323.00.
Warning: Vehicle '1216' teleports beyond arrival edge '621271001', time=3332.00.
Warning: Teleporting vehicle '412'; waited too long (yield), lane='-621271003_0', time=3537.00.
Warning: Teleporting vehicle '1305'; waited too long (jam), lane='622835372_2', time=3569.00.
Warning: Teleporting vehicle '1073'; waited too long (yield), lane='1190301745#0_0', time=3571.00.
Warning: Vehicle '3546' ends teleporting on edge '1190301745#0', time=3571.00.
Warning: Teleporting vehicle '161'; waited too long (yield), lane='-621271003_0', time=390.00.
Warning: Teleporting vehicle '148'; waited too long (yield), lane='622835372_2', time=415.00.
Warning: Vehicle '161' ends teleporting on edge '4761588#1', time=459.00.
Warning: Teleporting vehicle '125'; waited too long (yield), lane='1190301745#0_0', time=464.00.
Warning: Teleporting vehicle '133'; waited too long (yield), lane='621271001_0', time=481.00.
Warning: Vehicle '125' ends teleporting on edge '621271001', time=481.00.
Warning: Vehicle '148' teleports beyond arrival edge '621271001', time=483.00.
Warning: Teleporting vehicle '65'; waited too long (yield), lane='621271001_0', time=495.00.
Warning: Vehicle '65' ends teleporting on edge '621271003', time=495.00.
Warning: Teleporting vehicle '142'; waited too long (yield), lane='-621271001_0', time=499.00.
Warning: Vehicle '133' ends teleporting on edge '-621271001', time=499.00.
Warning: Vehicle '142' ends teleporting on edge '621271001', time=504.00.
Warning: Teleporting vehicle '45'; waited too long (yield), lane='623540942#0_2', time=508.00.
Warning: Teleporting vehicle '83'; waited too long (yield), lane='42790161#2_2', time=606.00.
Warning: Teleporting vehicle '169'; waited too long (yield), lane='622835372_2', time=720.00.
Warning: Teleporting vehicle '196'; waited too long (yield), lane='1190301745#0_0', time=774.00.
Warning: Vehicle '169' teleports beyond arrival edge '621271001', time=788.00.
Warning: Teleporting vehicle '163'; waited too long (jam), lane='-621271001_0', time=804.00.
Warning: Vehicle '83' ends teleporting on edge '-621271001', time=804.00.
Warning: Teleporting vehicle '158'; waited too long (wrong lane), lane='623540942#0_1', time=811.00.
Warning: Teleporting vehicle '0'; waited too long (jam), lane='623540942#0_2', time=813.00.
Warning: Teleporting vehicle '202'; waited too long (yield), lane='-621271003_0', time=813.00.
Warning: Teleporting vehicle '105'; waited too long (jam), lane=':cluster_54994556_7161921429_29_0', time=817.00.
Warning: Teleporting vehicle '23'; waited too long (yield), lane='-621271001_0', time=821.00.
Warning: Vehicle '23' ends teleporting on edge '4761588#1', time=821.00.
Warning: Vehicle '0' ends teleporting on edge '-621271001', time=823.00.
Warning: Teleporting vehicle '934'; waited too long (yield), lane='622835372_0', time=824.00.
Warning: Vehicle '196' ends teleporting on edge '-7521008#1', time=830.00.
Warning: Vehicle '45' ends teleporting on edge '1190301745#0', time=832.00.
Warning: Vehicle '163' teleports beyond arrival edge '-1190301745#0', time=833.00.
Warning: Vehicle '934' teleports beyond arrival edge '-7521008#1', time=858.00.
Warning: Vehicle '158' teleports beyond arrival edge '-621271001', time=879.00.
Warning: Vehicle '202' teleports beyond arrival edge '-621271001', time=881.00.
Warning: Vehicle '105' teleports beyond arrival edge '-621271001', time=885.00.
Warning: Teleporting vehicle '490'; waited too long (yield), lane='380081149#1_0', time=907.00.
Warning: Vehicle '490' ends teleporting on edge '623540942#0', time=907.00.
Warning: Teleporting vehicle '91'; waited too long (jam), lane='42790161#2_2', time=911.00.
Warning: Teleporting vehicle '176'; waited too long (jam), lane=':766056686_0_2', time=925.00.
Warning: Teleporting vehicle '218'; waited too long (jam), lane='42790161#0_2', time=925.00.
Warning: Teleporting vehicle '1276'; waited too long (yield), lane='42790161#2_0', time=958.00.
Warning: Vehicle '176' ends teleporting on edge '42790161#2', time=958.00.
Warning: Vehicle '1276' ends teleporting on edge '623540942#0', time=958.00.
Warning: Vehicle '218' ends teleporting on edge '596638461#0', time=981.00.
Warning: Teleporting vehicle '173'; waited too long (jam), lane='622835372_2', time=1025.00.
Warning: Teleporting vehicle '183'; waited too long (wrong lane), lane='623540942#0_1', time=1133.00.
Warning: Teleporting vehicle '170'; waited too long (yield), lane='623540942#0_2', time=1134.00.
Warning: Teleporting vehicle '247'; waited too long (yield), lane='1190301745#0_0', time=1138.00.
Warning: Teleporting vehicle '260'; waited too long (jam), lane='7521008#0_0', time=1140.00.
Warning: Vehicle '260' ends teleporting on edge '1190301745#0', time=1141.00.
Warning: Teleporting vehicle '16'; waited too long (jam), lane='-621271001_0', time=1152.00.
Warning: Vehicle '170' ends teleporting on edge '-621271001', time=1152.00.
Warning: Teleporting vehicle '251'; waited too long (yield), lane='-621271003_0', time=1160.00.
Warning: Vehicle '173' teleports beyond arrival edge '-621271001', time=1161.00.
Warning: Teleporting vehicle '421'; waited too long (wrong lane), lane='623540942#0_0', time=1166.00.
Warning: Teleporting vehicle '99'; waited too long (jam), lane='42790161#2_2', time=1173.00.
Warning: Vehicle '99' ends teleporting on edge '596638461#0', time=1173.00.
Warning: Vehicle '91' teleports beyond arrival edge '-1190301745#0', time=1179.00.
Warning: Teleporting vehicle '1373'; waited too long (jam), lane='622835372_0', time=1183.00.
Warning: Vehicle '247' teleports beyond arrival edge '621271001', time=1206.00.
Warning: Teleporting vehicle '493'; waited too long (yield), lane='380081149#1_0', time=1213.00.
Warning: Teleporting vehicle '1286'; waited too long (yield), lane='42790161#2_2', time=1219.00.
Warning: Vehicle '1286' ends teleporting on edge '623540942#0', time=1222.00.
Warning: Vehicle '251' ends teleporting on edge '4761588#1', time=1229.00.
Warning: Teleporting vehicle '676'; waited too long (jam), lane='380081149#0_0', time=1233.00.
Warning: Vehicle '493' ends teleporting on edge '623540942#0', time=1279.00.
Warning: Vehicle '183' teleports beyond arrival edge '-7521008#1', time=1298.00.
Warning: Teleporting vehicle '174'; waited too long (yield), lane='622835372_2', time=1329.00.
Warning: Vehicle '421' teleports beyond arrival edge '-7521008#1', time=1331.00.
Warning: Vehicle '676' ends teleporting on edge '596638461#0', time=1392.00.
Warning: Vehicle '174' ends teleporting on edge '380081148#0', time=1398.00.
Warning: Teleporting vehicle '96'; waited too long (jam), lane='623540942#0_2', time=1441.00.
Warning: Teleporting vehicle '253'; waited too long (yield), lane='1190301745#0_0', time=1449.00.
Warning: Vehicle '16' ends teleporting on edge '1190301745#0', time=1449.00.
Warning: Teleporting vehicle '170'; waited too long (yield), lane='-621271001_0', time=1454.00.
Warning: Vehicle '96' ends teleporting on edge '-621271001', time=1454.00.
Warning: Vehicle '1373' teleports beyond arrival edge '1190301745#0', time=1458.00.
Warning: Teleporting vehicle '255'; waited too long (yield), lane='-621271003_0', time=1465.00.
Warning: Teleporting vehicle '111'; waited too long (yield), lane='621271001_0', time=1469.00.
Warning: Vehicle '111' ends teleporting on edge '380081148#0', time=1469.00.
Warning: Teleporting vehicle '70'; waited too long (yield), lane='-621271001_0', time=1490.00.
Warning: Vehicle '255' ends teleporting on edge '-621271001', time=1491.00.
Warning: Teleporting vehicle '1778'; waited too long (yield), lane='622835372_0', time=1502.00.
Warning: Vehicle '253' teleports beyond arrival edge '621271001', time=1517.00.
Warning: Vehicle '170' teleports beyond arrival edge '621271001', time=1522.00.
Warning: Vehicle '1778' teleports beyond arrival edge '-7521008#1', time=1549.00.
Warning: Vehicle '70' teleports beyond arrival edge '621271001', time=1558.00.
Warning: Teleporting vehicle '229'; waited too long (wrong lane), lane='623540942#0_1', time=1746.00.
Warning: Teleporting vehicle '41'; waited too long (yield), lane='623540942#0_2', time=1746.00.
Warning: Teleporting vehicle '149'; waited too long (yield), lane='42790161#2_2', time=1763.00.
Warning: Teleporting vehicle '298'; waited too long (yield), lane='-621271003_0', time=1806.00.
Warning: Teleporting vehicle '181'; waited too long (yield), lane='-621271001_0', time=1849.00.
Warning: Vehicle '298' ends teleporting on edge '-621271001', time=1849.00.
Warning: Teleporting vehicle '240'; waited too long (yield), lane='622835372_2', time=1851.00.
Warning: Teleporting vehicle '141'; waited too long (yield), lane='621271001_0', time=1881.00.
Warning: Vehicle '229' ends teleporting on edge '621271001', time=1881.00.
Warning: Vehicle '41' teleports beyond arrival edge '-1190301745#0', time=1882.00.
Warning: Teleporting vehicle '361'; waited too long (yield), lane='1190301745#0_0', time=1891.00.
Warning: Teleporting vehicle '589'; waited too long (yield), lane='380081149#1_0', time=1896.00.
Warning: Vehicle '141' ends teleporting on edge '-621271001', time=1904.00.
Warning: Vehicle '589' ends teleporting on edge '623540942#0', time=1907.00.
Warning: Vehicle '240' ends teleporting on edge '621271003', time=1920.00.
Warning: Teleporting vehicle '2015'; waited too long (yield), lane='622835372_0', time=1940.00.
Warning: Teleporting vehicle '3210'; waited too long (yield), lane='42790161#2_0', time=1941.00.
Warning: Vehicle '2015' ends teleporting on edge '-1190301745#0', time=1941.00.
Warning: Vehicle '3210' ends teleporting on edge '623540942#0', time=1941.00.
Warning: Vehicle '361' ends teleporting on edge '621271003', time=1960.00.
Warning: Vehicle '181' ends teleporting on edge '7521008#0', time=1973.00.
Warning: Vehicle '149' ends teleporting on edge '-1190301745#0', time=2003.00.
Warning: Teleporting vehicle '3474'; waited too long (jam), lane=':766056686_0_0', time=2049.00.
Warning: Vehicle '3474' ends teleporting on edge '623540942#0', time=2105.00.
Warning: Teleporting vehicle '3219'; waited too long (yield), lane='42790161#2_0', time=2131.00.
Warning: Vehicle '3219' ends teleporting on edge '623540942#0', time=2131.00.
Warning: Teleporting vehicle '268'; waited too long (yield), lane='622835372_2', time=2155.00.
Warning: Teleporting vehicle '598'; waited too long (yield), lane='380081149#1_0', time=2201.00.
Warning: Teleporting vehicle '370'; waited too long (wrong lane), lane='623540942#0_1', time=2208.00.
Warning: Teleporting vehicle '112'; waited too long (jam), lane='623540942#0_2', time=2208.00.
Warning: Vehicle '598' ends teleporting on edge '623540942#0', time=2208.00.
Warning: Teleporting vehicle '816'; waited too long (jam), lane='380081149#0_0', time=2222.00.
Warning: Vehicle '268' ends teleporting on edge '380081148#0', time=2224.00.
Warning: Teleporting vehicle '3278'; waited too long (yield), lane='42790161#2_1', time=2249.00.
Warning: Vehicle '3278' ends teleporting on edge '623540942#0', time=2249.00.
Warning: Teleporting vehicle '274'; waited too long (jam), lane='42790161#2_2', time=2267.00.
Warning: Vehicle '112' teleports beyond arrival edge '-621271001', time=2276.00.
Warning: Vehicle '370' ends teleporting on edge '4761588#1', time=2277.00.
Warning: Teleporting vehicle '389'; waited too long (jam), lane=':766056686_0_2', time=2279.00.
Warning: Teleporting vehicle '108'; waited too long (jam), lane='-621271001_0', time=2337.00.
Warning: Teleporting vehicle '334'; waited too long (yield), lane='-621271003_0', time=2343.00.
Warning: Teleporting vehicle '688'; waited too long (yield), lane='1190301745#0_0', time=2361.00.
Warning: Teleporting vehicle '0'; waited too long (jam), lane='7521008#0_0', time=2364.00.
Warning: Vehicle '0' teleports beyond arrival edge '1190301745#0', time=2380.00.
Warning: Vehicle '334' ends teleporting on edge '4761588#1', time=2412.00.
Warning: Teleporting vehicle '3068'; waited too long (yield), lane='622835372_0', time=2418.00.
Warning: Vehicle '3068' ends teleporting on edge '-1190301745#0', time=2420.00.
Warning: Vehicle '688' ends teleporting on edge '380081148#0', time=2430.00.
Warning: Teleporting vehicle '3217'; waited too long (jam), lane='42790161#2_0', time=2435.00.
Warning: Vehicle '3217' ends teleporting on edge '623540942#0', time=2435.00.
Warning: Teleporting vehicle '589'; waited too long (jam), lane='623540942#0_2', time=2489.00.
Warning: Vehicle '816' ends teleporting on edge '623540942#0', time=2490.00.
Warning: Teleporting vehicle '526'; waited too long (wrong lane), lane='623540942#0_0', time=2514.00.
Warning: Vehicle '274' teleports beyond arrival edge '621271001', time=2535.00.
Warning: Teleporting vehicle '3320'; waited too long (jam), lane='42790161#2_2', time=2554.00.
Warning: Vehicle '389' teleports beyond arrival edge '-7521008#1', time=2586.00.
Warning: Vehicle '3320' ends teleporting on edge '623540942#0', time=2601.00.
Warning: Vehicle '108' teleports beyond arrival edge '1190301745#0', time=2611.00.
Warning: Vehicle '589' teleports beyond arrival edge '621271001', time=2625.00.
Warning: Vehicle '526' teleports beyond arrival edge '-7521008#1', time=2679.00.
Warning: Teleporting vehicle '744'; waited too long (yield), lane='1190301745#0_0', time=2726.00.
Warning: Teleporting vehicle '412'; waited too long (jam), lane='-621271003_0', time=2728.00.
Warning: Teleporting vehicle '233'; waited too long (yield), lane='621271001_0', time=2744.00.
Warning: Vehicle '744' ends teleporting on edge '621271001', time=2744.00.
Warning: Teleporting vehicle '566'; waited too long (yield), lane='622835372_2', time=2751.00.
Warning: Teleporting vehicle '3221'; waited too long (yield), lane='622835372_0', time=2774.00.
Warning: Vehicle '3221' teleports beyond arrival edge '-1190301745#0', time=2796.00.
Warning: Vehicle '412' ends teleporting on edge '4761588#1', time=2797.00.
Warning: Teleporting vehicle '3371'; waited too long (yield), lane='42790161#2_1', time=2838.00.
Warning: Vehicle '3371' ends teleporting on edge '623540942#0', time=2848.00.
Warning: Teleporting vehicle '288'; waited too long (yield), lane='42790161#2_2', time=2858.00.
Warning: Vehicle '233' teleports beyond arrival edge '-1190301745#0', time=2880.00.
Warning: Vehicle '566' teleports beyond arrival edge '-621271001', time=2887.00.
Warning: Teleporting vehicle '731'; waited too long (yield), lane='380081149#1_0', time=2910.00.
Warning: Teleporting vehicle '429'; waited too long (yield), lane='-621271003_0', time=3033.00.
Warning: Teleporting vehicle '600'; waited too long (yield), lane='622835372_2', time=3055.00.
Warning: Vehicle '288' ends teleporting on edge '4761588#1', time=3059.00.
Warning: Teleporting vehicle '272'; waited too long (yield), lane='1190301745#0_0', time=3065.00.
Warning: Teleporting vehicle '304'; waited too long (yield), lane='-621271001_0', time=3079.00.
Warning: Vehicle '429' ends teleporting on edge '-621271001', time=3079.00.
Warning: Teleporting vehicle '262'; waited too long (wrong lane), lane='623540942#0_1', time=3086.00.
Warning: Teleporting vehicle '301'; waited too long (wrong lane), lane='623540942#0_1', time=3087.00.
Warning: Teleporting vehicle '122'; waited too long (yield), lane='623540942#0_2', time=3087.00.
Warning: Teleporting vehicle '276'; waited too long (yield), lane='621271001_0', time=3105.00.
Warning: Vehicle '272' ends teleporting on edge '621271001', time=3105.00.
Warning: Vehicle '304' teleports beyond arrival edge '-1190301745#0', time=3108.00.
Warning: Teleporting vehicle '658'; waited too long (wrong lane), lane='623540942#0_0', time=3112.00.
Warning: Teleporting vehicle '4437'; waited too long (yield), lane='42790161#2_0', time=3122.00.
Warning: Teleporting vehicle '3634'; waited too long (yield), lane='622835372_0', time=3123.00.
Warning: Vehicle '4437' ends teleporting on edge '623540942#0', time=3130.00.
Warning: Teleporting vehicle '3544'; waited too long (yield), lane='42790161#2_1', time=3143.00.
Warning: Vehicle '3544' ends teleporting on edge '623540942#0', time=3143.00.
Warning: Vehicle '122' ends teleporting on edge '4761588#1', time=3156.00.
Warning: Teleporting vehicle '320'; waited too long (jam), lane='42790161#2_2', time=3163.00.
Warning: Teleporting vehicle '627'; waited too long (jam), lane='621271001_0', time=3168.00.
Warning: Vehicle '627' teleports beyond arrival edge '621271001', time=3168.00.
Warning: Vehicle '262' ends teleporting on edge '621271001', time=3169.00.
Warning: Vehicle '276' ends teleporting on edge '4761588#1', time=3174.00.
Warning: Vehicle '731' teleports beyond arrival edge '621271001', time=3178.00.
Warning: Vehicle '3634' teleports beyond arrival edge '-7521008#1', time=3181.00.
Warning: Vehicle '600' teleports beyond arrival edge '-621271001', time=3191.00.
Warning: Vehicle '301' teleports beyond arrival edge '-7521008#1', time=3252.00.
Warning: Vehicle '658' teleports beyond arrival edge '-7521008#1', time=3277.00.
Warning: Teleporting vehicle '445'; waited too long (yield), lane='-621271003_0', time=3338.00.
Warning: Teleporting vehicle '287'; waited too long (jam), lane='7521008#0_0', time=3379.00.
Warning: Teleporting vehicle '123'; waited too long (jam), lane='623540942#0_2', time=3393.00.
Warning: Vehicle '445' ends teleporting on edge '4761588#1', time=3407.00.
Warning: Teleporting vehicle '273'; waited too long (yield), lane='1190301745#0_0', time=3411.00.
Warning: Teleporting vehicle '429'; waited too long (yield), lane='-621271001_0', time=3412.00.
Warning: Vehicle '123' ends teleporting on edge '-621271001', time=3412.00.
Warning: Teleporting vehicle '4773'; waited too long (jam), lane='42790161#2_0', time=3426.00.
Warning: Vehicle '4773' ends teleporting on edge '623540942#0', time=3429.00.
Warning: Vehicle '287' teleports beyond arrival edge '-1190301745#0', time=3437.00.
Warning: Vehicle '320' ends teleporting on edge '-7521008#1', time=3444.00.
Warning: Teleporting vehicle '881'; waited too long (yield), lane='380081149#1_0', time=3447.00.
Warning: Teleporting vehicle '331'; waited too long (yield), lane='42790161#2_2', time=3471.00.
Warning: Vehicle '273' teleports beyond arrival edge '621271001', time=3479.00.
Warning: Vehicle '429' teleports beyond arrival edge '621271001', time=3480.00.
Warning: Teleporting vehicle '743'; waited too long (yield), lane='622835372_2', time=3483.00.
Warning: Vehicle '331' ends teleporting on edge '623540942#0', time=3488.00.
Warning: Vehicle '881' ends teleporting on edge '623540942#0', time=3498.00.
Warning: Vehicle '743' ends teleporting on edge '-621271001', time=3558.00.
Warning: Teleporting vehicle '100'; waited too long (yield), lane='-621271003_0', time=359.00.
Warning: Teleporting vehicle '59'; waited too long (yield), lane='1190301745#0_0', time=418.00.
Warning: Vehicle '100' ends teleporting on edge '4761588#1', time=428.00.
Warning: Teleporting vehicle '213'; waited too long (jam), lane='623540942#0_2', time=445.00.
Warning: Teleporting vehicle '43'; waited too long (yield), lane='621271001_0', time=455.00.
Warning: Vehicle '59' ends teleporting on edge '621271001', time=455.00.
Warning: Teleporting vehicle '56'; waited too long (yield), lane='621271001_0', time=462.00.
Warning: Teleporting vehicle '60'; waited too long (yield), lane='622835372_2', time=464.00.
Warning: Teleporting vehicle '176'; waited too long (yield), lane='42790161#2_2', time=489.00.
Warning: Vehicle '213' ends teleporting on edge '-1190301745#0', time=518.00.
Warning: Vehicle '60' ends teleporting on edge '380081148#0', time=533.00.
Warning: Teleporting vehicle '611'; waited too long (jam), lane='42790161#2_0', time=613.00.
Warning: Vehicle '611' ends teleporting on edge '623540942#0', time=613.00.
Warning: Vehicle '43' teleports beyond arrival edge '-7521008#1', time=620.00.
Warning: Vehicle '176' ends teleporting on edge '-621271001', time=651.00.
Warning: Vehicle '56' ends teleporting on edge '7521008#0', time=680.00.
Warning: Teleporting vehicle '183'; waited too long (wrong lane), lane='623540942#0_1', time=749.00.
Warning: Teleporting vehicle '187'; waited too long (wrong lane), lane='623540942#0_1', time=750.00.
Warning: Teleporting vehicle '227'; waited too long (jam), lane='623540942#0_2', time=750.00.
Warning: Teleporting vehicle '529'; waited too long (yield), lane='380081149#1_0', time=802.00.
Warning: Vehicle '529' ends teleporting on edge '623540942#0', time=802.00.
Warning: Vehicle '187' teleports beyond arrival edge '-621271001', time=818.00.
Warning: Vehicle '227' ends teleporting on edge '4761588#1', time=819.00.
Warning: Teleporting vehicle '731'; waited too long (jam), lane='380081149#0_0', time=822.00.
Warning: Teleporting vehicle '769'; waited too long (yield), lane='42790161#2_1', time=850.00.
Warning: Vehicle '769' ends teleporting on edge '623540942#0', time=850.00.
Warning: Teleporting vehicle '288'; waited too long (yield), lane='42790161#2_2', time=851.00.
Warning: Vehicle '183' teleports beyond arrival edge '-7521008#1', time=914.00.
Warning: Teleporting vehicle '615'; waited too long (jam), lane='42790161#2_0', time=918.00.
Warning: Vehicle '615' ends teleporting on edge '623540942#0', time=918.00.
Warning: Teleporting vehicle '157'; waited too long (yield), lane='-621271003_0', time=944.00.
Warning: Teleporting vehicle '196'; waited too long (yield), lane='1190301745#0_0', time=961.00.
Warning: Teleporting vehicle '163'; waited too long (yield), lane='-621271001_0', time=963.00.
Warning: Vehicle '157' ends teleporting on edge '-621271001', time=963.00.
Warning: Teleporting vehicle '108'; waited too long (yield), lane='621271001_0', time=987.00.
Warning: Teleporting vehicle '121'; waited too long (yield), lane='-621271001_0', time=990.00.
Warning: Vehicle '121' ends teleporting on edge '4761588#1', time=990.00.
Warning: Vehicle '108' ends teleporting on edge '-621271001', time=991.00.
Warning: Vehicle '163' teleports beyond arrival edge '-1190301745#0', time=992.00.
Warning: Teleporting vehicle '268'; waited too long (yield), lane='622835372_2', time=996.00.
Warning: Vehicle '268' ends teleporting on edge '621271001', time=998.00.
Warning: Vehicle '288' ends teleporting on edge '-621271001', time=1010.00.
Warning: Teleporting vehicle '1306'; waited too long (yield), lane='622835372_0', time=1011.00.
Warning: Vehicle '1306' ends teleporting on edge '-1190301745#0', time=1014.00.
Warning: Vehicle '196' teleports beyond arrival edge '-7521008#1', time=1019.00.
Warning: Teleporting vehicle '207'; waited too long (wrong lane), lane='623540942#0_1', time=1054.00.
Warning: Vehicle '731' ends teleporting on edge '623540942#0', time=1057.00.
Warning: Teleporting vehicle '427'; waited too long (wrong lane), lane='623540942#0_0', time=1072.00.
Warning: Teleporting vehicle '217'; waited too long (yield), lane='380081149#1_0', time=1151.00.
Warning: Vehicle '217' ends teleporting on edge '623540942#0', time=1151.00.
Warning: Teleporting vehicle '320'; waited too long (jam), lane='42790161#2_2', time=1156.00.
Warning: Teleporting vehicle '741'; waited too long (jam), lane='380081149#0_0', time=1173.00.
Warning: Vehicle '427' teleports beyond arrival edge '-1190301745#0', time=1208.00.
Warning: Vehicle '207' teleports beyond arrival edge '-7521008#1', time=1219.00.
Warning: Teleporting vehicle '161'; waited too long (yield), lane='-621271003_0', time=1249.00.
Warning: Teleporting vehicle '322'; waited too long (yield), lane='622835372_2', time=1301.00.
Warning: Vehicle '161' ends teleporting on edge '4761588#1', time=1318.00.
Warning: Teleporting vehicle '204'; waited too long (yield), lane='621271001_0', time=1327.00.
Warning: Vehicle '322' ends teleporting on edge '621271001', time=1327.00.
Warning: Teleporting vehicle '176'; waited too long (yield), lane='-621271001_0', time=1342.00.
Warning: Teleporting vehicle '361'; waited too long (jam), lane='7521008#0_0', time=1344.00.
Warning: Teleporting vehicle '233'; waited too long (yield), lane='621271001_0', time=1360.00.
Warning: Vehicle '176' teleports beyond arrival edge '-1190301745#0', time=1371.00.
Warning: Teleporting vehicle '1778'; waited too long (yield), lane='622835372_0', time=1376.00.
Warning: Teleporting vehicle '299'; waited too long (yield), lane='1190301745#0_0', time=1381.00.
Warning: Vehicle '204' ends teleporting on edge '-621271001', time=1389.00.
Warning: Vehicle '299' ends teleporting on edge '621271001', time=1391.00.
Warning: Vehicle '361' ends teleporting on edge '621271003', time=1403.00.
Warning: Vehicle '233' ends teleporting on edge '-621271001', time=1413.00.
Warning: Vehicle '1778' ends teleporting on edge '-7521008#1', time=1416.00.
Warning: Vehicle '320' ends teleporting on edge '-7521008#1', time=1433.00.
Warning: Teleporting vehicle '548'; waited too long (yield), lane='380081149#1_0', time=1456.00.
Warning: Vehicle '548' ends teleporting on edge '623540942#0', time=1457.00.
Warning: Teleporting vehicle '331'; waited too long (jam), lane='42790161#2_2', time=1466.00.
Warning: Vehicle '331' ends teleporting on edge '623540942#0', time=1470.00.
Warning: Teleporting vehicle '771'; waited too long (jam), lane='380081149#0_0', time=1477.00.
Warning: Vehicle '771' ends teleporting on edge '380081149#1', time=1485.00.
Warning: Vehicle '741' ends teleporting on edge '-621271001', time=1500.00.
Warning: Teleporting vehicle '248'; waited too long (yield), lane='-621271003_0', time=1776.00.
Warning: Teleporting vehicle '854'; waited too long (yield), lane='622835372_2', time=1825.00.
Warning: Vehicle '248' teleports beyond arrival edge '-621271001', time=1844.00.
Warning: Teleporting vehicle '688'; waited too long (yield), lane='1190301745#0_0', time=1863.00.
Warning: Teleporting vehicle '692'; waited too long (jam), lane='7521008#0_0', time=1866.00.
Warning: Teleporting vehicle '329'; waited too long (yield), lane='-621271001_0', time=1887.00.
Warning: Teleporting vehicle '119'; waited too long (yield), lane='623540942#0_2', time=1894.00.
Warning: Vehicle '854' ends teleporting on edge '621271003', time=1894.00.
Warning: Vehicle '329' ends teleporting on edge '-1190301745#0', time=1908.00.
Warning: Vehicle '688' ends teleporting on edge '621271001', time=1909.00.
Warning: Teleporting vehicle '2449'; waited too long (yield), lane='622835372_0', time=1917.00.
Warning: Teleporting vehicle '389'; waited too long (jam), lane='42790161#2_2', time=1923.00.
Warning: Vehicle '389' ends teleporting on edge '623540942#0', time=1933.00.
Warning: Vehicle '692' teleports beyond arrival edge '-621271001', time=1945.00.
Warning: Vehicle '119' teleports beyond arrival edge '-621271001', time=1962.00.
Warning: Teleporting vehicle '251'; waited too long (yield), lane='-621271003_0', time=2080.00.
Warning: Teleporting vehicle '866'; waited too long (yield), lane='622835372_2', time=2131.00.
Warning: Vehicle '251' ends teleporting on edge '4761588#1', time=2149.00.
Warning: Vehicle '2449' teleports beyond arrival edge '1190301745#0', time=2194.00.
Warning: Vehicle '866' ends teleporting on edge '621271003', time=2200.00.
Warning: Teleporting vehicle '743'; waited too long (yield), lane='621271001_0', time=2207.00.
Warning: Teleporting vehicle '153'; waited too long (yield), lane='623540942#0_2', time=2239.00.
Warning: Vehicle '153' ends teleporting on edge '-621271001', time=2253.00.
Warning: Teleporting vehicle '2475'; waited too long (yield), lane='622835372_0', time=2259.00.
Warning: Teleporting vehicle '1013'; waited too long (yield), lane='380081149#1_0', time=2264.00.
Warning: Vehicle '743' ends teleporting on edge '-621271001', time=2266.00.
Warning: Teleporting vehicle '1010'; waited too long (wrong lane), lane='623540942#0_0', time=2269.00.
Warning: Vehicle '1010' ends teleporting on edge '-621271001', time=2271.00.
Warning: Teleporting vehicle '408'; waited too long (jam), lane='42790161#2_2', time=2273.00.
Warning: Teleporting vehicle '426'; waited too long (jam), lane='42790161#2_2', time=2275.00.
Warning: Vehicle '2475' teleports beyond arrival edge '-1190301745#0', time=2288.00.
Warning: Teleporting vehicle '255'; waited too long (jam), lane='-621271003_0', time=2384.00.
Warning: Vehicle '426' ends teleporting on edge '4761588#1', time=2437.00.
Warning: Vehicle '255' ends teleporting on edge '4761588#1', time=2453.00.
Warning: Vehicle '1013' teleports beyond arrival edge '621271001', time=2506.00.
Warning: Vehicle '408' teleports beyond arrival edge '-1190301745#0', time=2541.00.
Warning: Teleporting vehicle '882'; waited too long (wrong lane), lane='623540942#0_1', time=2544.00.
Warning: Teleporting vehicle '842'; waited too long (jam), lane='623540942#0_2', time=2544.00.
Warning: Teleporting vehicle '435'; waited too long (yield), lane='42790161#2_2', time=2580.00.
Warning: Vehicle '435' ends teleporting on edge '623540942#0', time=2580.00.
Warning: Teleporting vehicle '1014'; waited too long (yield), lane='1190301745#0_0', time=2605.00.
Warning: Teleporting vehicle '832'; waited too long (yield), lane='-621271001_0', time=2608.00.
Warning: Vehicle '842' ends teleporting on edge '-621271001', time=2608.00.
Warning: Teleporting vehicle '305'; waited too long (yield), lane='-621271001_0', time=2610.00.
Warning: Vehicle '305' ends teleporting on edge '4761588#1', time=2610.00.
Warning: Vehicle '882' ends teleporting on edge '-621271001', time=2611.00.
Warning: Teleporting vehicle '942'; waited too long (yield), lane='622835372_2', time=2624.00.
Warning: Teleporting vehicle '2660'; waited too long (yield), lane='622835372_0', time=2638.00.
Warning: Vehicle '1014' ends teleporting on edge '621271003', time=2674.00.
Warning: Teleporting vehicle '354'; waited too long (yield), lane='621271001_0', time=2676.00.
Warning: Vehicle '832' ends teleporting on edge '621271001', time=2676.00.
Warning: Teleporting vehicle '266'; waited too long (yield), lane='-621271003_0', time=2688.00.
Warning: Vehicle '942' ends teleporting on edge '621271003', time=2693.00.
Warning: Vehicle '2660' teleports beyond arrival edge '-7521008#1', time=2696.00.
Warning: Vehicle '354' ends teleporting on edge '4761588#1', time=2745.00.
Warning: Vehicle '266' teleports beyond arrival edge '-7521008#1', time=2853.00.
Warning: Teleporting vehicle '1073'; waited too long (yield), lane='1190301745#0_0', time=2911.00.
Warning: Teleporting vehicle '296'; waited too long (yield), lane='-621271001_0', time=2931.00.
Warning: Teleporting vehicle '958'; waited too long (yield), lane='623540942#0_2', time=2939.00.
Warning: Teleporting vehicle '2664'; waited too long (yield), lane='622835372_0', time=2942.00.
Warning: Vehicle '296' ends teleporting on edge '621271001', time=2952.00.
Warning: Vehicle '1073' ends teleporting on edge '621271001', time=2952.00.
Warning: Vehicle '2664' ends teleporting on edge '-1190301745#0', time=2959.00.
Warning: Vehicle '958' ends teleporting on edge '4761588#1', time=2965.00.
Warning: Teleporting vehicle '465'; waited too long (jam), lane='42790161#2_2', time=2988.00.
Warning: Teleporting vehicle '284'; waited too long (yield), lane='-621271003_0', time=2993.00.
Warning: Vehicle '284' ends teleporting on edge '4761588#1', time=3062.00.
Warning: Vehicle '465' teleports beyond arrival edge '621271001', time=3256.00.
Warning: Teleporting vehicle '1124'; waited too long (yield), lane='622835372_2', time=3267.00.
Warning: Teleporting vehicle '298'; waited too long (yield), lane='-621271003_0', time=3299.00.
Warning: Teleporting vehicle '287'; waited too long (yield), lane='1190301745#0_0', time=3302.00.
Warning: Teleporting vehicle '1108'; waited too long (jam), lane='7521008#0_0', time=3305.00.
Warning: Teleporting vehicle '402'; waited too long (yield), lane='-621271001_0', time=3309.00.
Warning: Vehicle '298' ends teleporting on edge '-621271001', time=3309.00.
Warning: Teleporting vehicle '1224'; waited too long (jam), lane='623540942#0_2', time=3313.00.
Warning: Vehicle '1108' ends teleporting on edge '4761588#1', time=3325.00.
Warning: Teleporting vehicle '366'; waited too long (yield), lane='-621271001_0', time=3330.00.
Warning: Vehicle '366' ends teleporting on edge '4761588#1', time=3330.00.
Warning: Vehicle '287' teleports beyond arrival edge '-1190301745#0', time=3331.00.
Warning: Vehicle '1224' ends teleporting on edge '-621271001', time=3331.00.
Warning: Vehicle '1124' ends teleporting on edge '621271003', time=3336.00.
Warning: Vehicle '402' ends teleporting on edge '-7521008#1', time=3351.00.
Warning: Teleporting vehicle '3348'; waited too long (yield), lane='622835372_0', time=3356.00.
Warning: Vehicle '3348' ends teleporting on edge '-1190301745#0', time=3359.00.
Warning: Teleporting vehicle '572'; waited too long (yield), lane='42790161#2_2', time=3390.00.
Warning: Teleporting vehicle '663'; waited too long (jam), lane=':766056686_0_2', time=3408.00.
Warning: Teleporting vehicle '1152'; waited too long (yield), lane='622835372_2', time=3573.00.
Warning: Teleporting vehicle '111'; waited too long (jam), lane='7521008#0_0', time=390.00.
Warning: Teleporting vehicle '148'; waited too long (jam), lane='622835372_2', time=417.00.
Warning: Teleporting vehicle '65'; waited too long (yield), lane='1190301745#0_0', time=440.00.
Warning: Vehicle '111' ends teleporting on edge '380081148#0', time=449.00.
Warning: Teleporting vehicle '70'; waited too long (yield), lane='-621271001_0', time=479.00.
Warning: Teleporting vehicle '170'; waited too long (yield), lane='623540942#0_2', time=484.00.
Warning: Vehicle '148' teleports beyond arrival edge '621271001', time=485.00.
Warning: Teleporting vehicle '59'; waited too long (yield), lane=':cluster_54994556_7161921429_22_0', time=488.00.
Warning: Teleporting vehicle '248'; waited too long (yield), lane='-621271003_0', time=492.00.
Warning: Vehicle '59' ends teleporting on edge '-621271001', time=494.00.
Warning: Vehicle '65' ends teleporting on edge '621271001', time=498.00.
Warning: Vehicle '248' teleports beyond arrival edge '-621271001', time=502.00.
Warning: Teleporting vehicle '119'; waited too long (yield), lane='42790161#2_2', time=505.00.
Warning: Vehicle '70' teleports beyond arrival edge '621271001', time=547.00.
Warning: Vehicle '119' ends teleporting on edge '623540942#0', time=558.00.
Warning: Vehicle '170' teleports beyond arrival edge '621271001', time=601.00.
Warning: Teleporting vehicle '90'; waited too long (yield), lane='1190301745#0_0', time=766.00.
Warning: Teleporting vehicle '118'; waited too long (jam), lane='7521008#0_0', time=769.00.
Warning: Vehicle '118' ends teleporting on edge '1190301745#0', time=771.00.
Warning: Teleporting vehicle '251'; waited too long (jam), lane='-621271003_0', time=798.00.
Warning: Teleporting vehicle '133'; waited too long (yield), lane='621271001_0', time=814.00.
Warning: Vehicle '90' ends teleporting on edge '621271001', time=814.00.
Warning: Teleporting vehicle '787'; waited too long (yield), lane='622835372_0', time=816.00.
Warning: Teleporting vehicle '322'; waited too long (yield), lane='622835372_2', time=821.00.
Warning: Vehicle '322' ends teleporting on edge '621271001', time=826.00.
Warning: Vehicle '787' teleports beyond arrival edge '-1190301745#0', time=845.00.
Warning: Vehicle '251' ends teleporting on edge '4761588#1', time=867.00.
Warning: Teleporting vehicle '301'; waited too long (yield), lane='623540942#0_2', time=872.00.
Warning: Vehicle '133' teleports beyond arrival edge '-621271001', time=882.00.
Warning: Vehicle '301' ends teleporting on edge '-621271001', time=892.00.
Warning: Teleporting vehicle '731'; waited too long (wrong lane), lane='623540942#0_0', time=916.00.
Warning: Teleporting vehicle '816'; waited too long (yield), lane='380081149#1_0', time=930.00.
Warning: Teleporting vehicle '1077'; waited too long (yield), lane='42790161#2_1', time=951.00.
Warning: Teleporting vehicle '1028'; waited too long (jam), lane='380081149#0_0', time=952.00.
Warning: Teleporting vehicle '149'; waited too long (yield), lane='42790161#2_2', time=954.00.
Warning: Vehicle '1077' ends teleporting on edge '623540942#0', time=961.00.
Warning: Vehicle '731' teleports beyond arrival edge '621271001', time=1052.00.
Warning: Vehicle '1028' teleports beyond arrival edge '380081149#1', time=1110.00.
Warning: Vehicle '816' teleports beyond arrival edge '-621271001', time=1130.00.
Warning: Teleporting vehicle '125'; waited too long (yield), lane='1190301745#0_0', time=1139.00.
Warning: Teleporting vehicle '209'; waited too long (jam), lane='7521008#0_0', time=1142.00.
Warning: Vehicle '209' ends teleporting on edge '4761588#1', time=1161.00.
Warning: Teleporting vehicle '347'; waited too long (yield), lane='622835372_2', time=1169.00.
Warning: Teleporting vehicle '370'; waited too long (wrong lane), lane='623540942#0_1', time=1177.00.
Warning: Teleporting vehicle '123'; waited too long (jam), lane='623540942#0_2', time=1177.00.
Warning: Teleporting vehicle '589'; waited too long (wrong lane), lane='623540942#0_1', time=1178.00.
Warning: Teleporting vehicle '1306'; waited too long (yield), lane='622835372_0', time=1186.00.
Warning: Vehicle '149' ends teleporting on edge '-1190301745#0', time=1187.00.
Warning: Teleporting vehicle '266'; waited too long (yield), lane='-621271003_0', time=1188.00.
Warning: Vehicle '1306' ends teleporting on edge '-1190301745#0', time=1189.00.
Warning: Vehicle '125' ends teleporting on edge '380081148#0', time=1208.00.
Warning: Vehicle '123' ends teleporting on edge '-621271001', time=1210.00.
Warning: Teleporting vehicle '832'; waited too long (jam), lane='380081149#1_0', time=1236.00.
Warning: Vehicle '832' ends teleporting on edge '623540942#0', time=1236.00.
Warning: Vehicle '347' ends teleporting on edge '380081148#0', time=1238.00.
Warning: Teleporting vehicle '979'; waited too long (yield), lane='42790161#2_0', time=1241.00.
Warning: Vehicle '979' ends teleporting on edge '623540942#0', time=1241.00.
Warning: Vehicle '370' ends teleporting on edge '4761588#1', time=1246.00.
Warning: Teleporting vehicle '1068'; waited too long (jam), lane='380081149#0_0', time=1256.00.
Warning: Teleporting vehicle '1115'; waited too long (yield), lane='42790161#2_1', time=1257.00.
Warning: Vehicle '1115' ends teleporting on edge '623540942#0', time=1257.00.
Warning: Teleporting vehicle '153'; waited too long (yield), lane='42790161#2_2', time=1258.00.
Warning: Vehicle '589' teleports beyond arrival edge '621271001', time=1314.00.
Warning: Vehicle '266' teleports beyond arrival edge '-7521008#1', time=1353.00.
Warning: Vehicle '1068' ends teleporting on edge '623540942#0', time=1415.00.
Warning: Teleporting vehicle '226'; waited too long (yield), lane='1190301745#0_0', time=1500.00.
Warning: Teleporting vehicle '298'; waited too long (yield), lane='-621271003_0', time=1523.00.
Warning: Teleporting vehicle '206'; waited too long (yield), lane='621271001_0', time=1529.00.
Warning: Vehicle '226' ends teleporting on edge '621271001', time=1529.00.
Warning: Teleporting vehicle '401'; waited too long (yield), lane='622835372_2', time=1532.00.
Warning: Teleporting vehicle '842'; waited too long (yield), lane='380081149#1_0', time=1540.00.
Warning: Vehicle '153' ends teleporting on edge '-7521008#1', time=1543.00.
Warning: Teleporting vehicle '1018'; waited too long (jam), lane='42790161#2_0', time=1546.00.
Warning: Teleporting vehicle '1581'; waited too long (yield), lane='622835372_0', time=1546.00.
Warning: Vehicle '1018' ends teleporting on edge '623540942#0', time=1546.00.
Warning: Vehicle '1581' ends teleporting on edge '-1190301745#0', time=1550.00.
Warning: Teleporting vehicle '1782'; waited too long (jam), lane=':766056686_0_0', time=1558.00.
Warning: Teleporting vehicle '1075'; waited too long (jam), lane='380081149#0_0', time=1561.00.
Warning: Teleporting vehicle '1202'; waited too long (jam), lane='42790161#2_0', time=1566.00.
Warning: Vehicle '1202' ends teleporting on edge '623540942#0', time=1566.00.
Warning: Vehicle '1782' ends teleporting on edge '42790161#2', time=1566.00.
Warning: Teleporting vehicle '229'; waited too long (yield), lane='-621271001_0', time=1568.00.
Warning: Vehicle '206' ends teleporting on edge '-621271001', time=1568.00.
Warning: Vehicle '298' ends teleporting on edge '-621271001', time=1571.00.
Warning: Teleporting vehicle '598'; waited too long (wrong lane), lane='623540942#0_1', time=1577.00.
Warning: Teleporting vehicle '176'; waited too long (yield), lane='42790161#2_2', time=1578.00.
Warning: Teleporting vehicle '771'; waited too long (wrong lane), lane='623540942#0_0', time=1581.00.
Warning: Vehicle '176' ends teleporting on edge '623540942#0', time=1583.00.
Warning: Teleporting vehicle '228'; waited too long (yield), lane='621271001_0', time=1589.00.
Warning: Vehicle '228' ends teleporting on edge '621271003', time=1589.00.
Warning: Vehicle '842' ends teleporting on edge '623540942#0', time=1589.00.
Warning: Vehicle '229' ends teleporting on edge '621271001', time=1590.00.
Warning: Vehicle '401' ends teleporting on edge '380081148#0', time=1601.00.
Warning: Vehicle '771' teleports beyond arrival edge '-621271001', time=1640.00.
Warning: Teleporting vehicle '300'; waited too long (yield), lane='-621271003_0', time=1828.00.
Warning: Teleporting vehicle '247'; waited too long (yield), lane='1190301745#0_0', time=1844.00.
Warning: Vehicle '598' ends teleporting on edge '1190301745#0', time=1844.00.
Warning: Teleporting vehicle '72'; waited too long (jam), lane='7521008#0_0', time=1846.00.
Warning: Vehicle '72' teleports beyond arrival edge '1190301745#0', time=1865.00.
Warning: Teleporting vehicle '1040'; waited too long (yield), lane='42790161#2_0', time=1871.00.
Warning: Vehicle '1040' ends teleporting on edge '623540942#0', time=1871.00.
Warning: Teleporting vehicle '262'; waited too long (yield), lane='-621271001_0', time=1876.00.
Warning: Vehicle '300' ends teleporting on edge '-621271001', time=1876.00.
Warning: Teleporting vehicle '421'; waited too long (wrong lane), lane='623540942#0_1', time=1885.00.
Warning: Teleporting vehicle '139'; waited too long (yield), lane='623540942#0_2', time=1885.00.
Warning: Teleporting vehicle '207'; waited too long (jam), lane='-621271001_0', time=1893.00.
Warning: Vehicle '207' ends teleporting on edge '-1190301745#0', time=1893.00.
Warning: Vehicle '139' ends teleporting on edge '-621271001', time=1894.00.
Warning: Teleporting vehicle '322'; waited too long (yield), lane='621271001_0', time=1899.00.
Warning: Vehicle '247' ends teleporting on edge '621271001', time=1899.00.
Warning: Teleporting vehicle '1953'; waited too long (yield), lane='622835372_0', time=1902.00.
Warning: Vehicle '1953' ends teleporting on edge '-1190301745#0', time=1902.00.
Warning: Vehicle '262' ends teleporting on edge '621271001', time=1904.00.
Warning: Vehicle '322' ends teleporting on edge '-621271001', time=1907.00.
Warning: Vehicle '421' ends teleporting on edge '-621271001', time=1909.00.
Warning: Teleporting vehicle '796'; waited too long (yield), lane='622835372_2', time=1910.00.
Warning: Vehicle '1075' ends teleporting on edge '-621271001', time=1910.00.
Warning: Teleporting vehicle '288'; waited too long (yield), lane='42790161#2_2', time=1939.00.
Warning: Vehicle '796' ends teleporting on edge '380081148#0', time=1939.00.
Warning: Teleporting vehicle '1401'; waited too long (yield), lane='42790161#2_1', time=1943.00.
Warning: Vehicle '1401' ends teleporting on edge '623540942#0', time=1943.00.
Warning: Vehicle '288' ends teleporting on edge '-621271001', time=2076.00.
Warning: Teleporting vehicle '320'; waited too long (yield), lane='42790161#2_2', time=2244.00.
Warning: Teleporting vehicle '1412'; waited too long (yield), lane='42790161#2_1', time=2247.00.
Warning: Vehicle '1412' ends teleporting on edge '623540942#0', time=2247.00.
Warning: Teleporting vehicle '361'; waited too long (yield), lane='1190301745#0_0', time=2333.00.
Warning: Teleporting vehicle '2313'; waited too long (yield), lane='622835372_0', time=2370.00.
Warning: Teleporting vehicle '881'; waited too long (yield), lane='623540942#0_2', time=2395.00.
Warning: Vehicle '2313' ends teleporting on edge '-1190301745#0', time=2395.00.
Warning: Teleporting vehicle '1932'; waited too long (yield), lane='42790161#2_0', time=2402.00.
Warning: Vehicle '361' ends teleporting on edge '621271003', time=2402.00.
Warning: Vehicle '1932' ends teleporting on edge '623540942#0', time=2402.00.
Warning: Teleporting vehicle '166'; waited too long (yield), lane='-621271001_0', time=2407.00.
Warning: Vehicle '320' ends teleporting on edge '-621271001', time=2407.00.
Warning: Teleporting vehicle '2734'; waited too long (jam), lane=':766056686_0_0', time=2413.00.
Warning: Teleporting vehicle '429'; waited too long (yield), lane='-621271003_0', time=2418.00.
Warning: Teleporting vehicle '105'; waited too long (yield), lane='621271001_0', time=2423.00.
Warning: Teleporting vehicle '181'; waited too long (jam), lane='-621271001_0', time=2433.00.
Warning: Vehicle '105' ends teleporting on edge '-621271001', time=2434.00.
Warning: Vehicle '181' ends teleporting on edge '-1190301745#0', time=2435.00.
Warning: Teleporting vehicle '866'; waited too long (yield), lane='622835372_2', time=2441.00.
Warning: Vehicle '429' ends teleporting on edge '-621271001', time=2454.00.
Warning: Vehicle '881' ends teleporting on edge '-621271001', time=2458.00.
Warning: Teleporting vehicle '1244'; waited too long (yield), lane='380081149#1_0', time=2461.00.
Warning: Vehicle '2734' ends teleporting on edge '623540942#0', time=2469.00.
Warning: Vehicle '166' teleports beyond arrival edge '621271001', time=2475.00.
Warning: Teleporting vehicle '1485'; waited too long (jam), lane='380081149#0_0', time=2482.00.
Warning: Vehicle '866' ends teleporting on edge '621271001', time=2502.00.
Warning: Teleporting vehicle '1757'; waited too long (jam), lane='42790161#2_0', time=2551.00.
Warning: Vehicle '1757' ends teleporting on edge '623540942#0', time=2551.00.
Warning: Teleporting vehicle '331'; waited too long (yield), lane='42790161#2_2', time=2566.00.
Warning: Vehicle '1244' ends teleporting on edge '-1190301745#0', time=2667.00.
Warning: Teleporting vehicle '1906'; waited too long (yield), lane='42790161#2_1', time=2710.00.
Warning: Vehicle '1906' ends teleporting on edge '623540942#0', time=2710.00.
Warning: Teleporting vehicle '2669'; waited too long (jam), lane=':766056686_0_1', time=2723.00.
Warning: Teleporting vehicle '1127'; waited too long (wrong lane), lane='623540942#0_0', time=2733.00.
Warning: Teleporting vehicle '882'; waited too long (jam), lane='623540942#0_2', time=2752.00.
Warning: Vehicle '1485' ends teleporting on edge '623540942#0', time=2752.00.
Warning: Teleporting vehicle '564'; waited too long (jam), lane='-621271003_0', time=2779.00.
Warning: Vehicle '2669' ends teleporting on edge '623540942#0', time=2779.00.
Warning: Vehicle '1127' teleports beyond arrival edge '-621271001', time=2801.00.
Warning: Vehicle '882' teleports beyond arrival edge '-621271001', time=2820.00.
Warning: Teleporting vehicle '2099'; waited too long (yield), lane='42790161#2_1', time=2860.00.
Warning: Vehicle '2099' ends teleporting on edge '623540942#0', time=2860.00.
Warning: Vehicle '331' teleports beyond arrival edge '-7521008#1', time=2863.00.
Warning: Teleporting vehicle '129'; waited too long (yield), lane='621271001_0', time=2897.00.
Warning: Teleporting vehicle '996'; waited too long (yield), lane='622835372_2', time=2907.00.
Warning: Teleporting vehicle '3054'; waited too long (yield), lane='622835372_0', time=2910.00.
Warning: Teleporting vehicle '379'; waited too long (yield), lane='42790161#2_2', time=2929.00.
Warning: Vehicle '3054' teleports beyond arrival edge '-1190301745#0', time=2939.00.
Warning: Vehicle '564' teleports beyond arrival edge '-7521008#1', time=2944.00.
Warning: Vehicle '996' ends teleporting on edge '380081148#0', time=2976.00.
Warning: Teleporting vehicle '2127'; waited too long (yield), lane='42790161#2_0', time=3015.00.
Warning: Vehicle '2127' ends teleporting on edge '623540942#0', time=3015.00.
Warning: Teleporting vehicle '3252'; waited too long (jam), lane=':766056686_0_0', time=3028.00.
Warning: Teleporting vehicle '526'; waited too long (yield), lane='623540942#0_2', time=3057.00.
Warning: Vehicle '129' teleports beyond arrival edge '-7521008#1', time=3062.00.
Warning: Teleporting vehicle '1290'; waited too long (yield), lane='380081149#1_0', time=3070.00.
Warning: Vehicle '3252' ends teleporting on edge '623540942#0', time=3084.00.
Warning: Teleporting vehicle '592'; waited too long (yield), lane='-621271003_0', time=3085.00.
Warning: Teleporting vehicle '1209'; waited too long (wrong lane), lane='623540942#0_0', time=3099.00.
Warning: Vehicle '592' ends teleporting on edge '4761588#1', time=3154.00.
Warning: Teleporting vehicle '2090'; waited too long (jam), lane='42790161#2_0', time=3167.00.
Warning: Vehicle '2090' ends teleporting on edge '623540942#0', time=3167.00.
Warning: Vehicle '379' teleports beyond arrival edge '621271001', time=3197.00.
Warning: Teleporting vehicle '1001'; waited too long (yield), lane='622835372_2', time=3212.00.
Warning: Teleporting vehicle '781'; waited too long (yield), lane='1190301745#0_0', time=3215.00.
Warning: Vehicle '526' teleports beyond arrival edge '-7521008#1', time=3222.00.
Warning: Teleporting vehicle '389'; waited too long (yield), lane='42790161#2_2', time=3234.00.
Warning: Vehicle '1209' teleports beyond arrival edge '-1190301745#0', time=3235.00.
Warning: Teleporting vehicle '141'; waited too long (yield), lane='621271001_0', time=3250.00.
Warning: Vehicle '781' ends teleporting on edge '621271001', time=3250.00.
Warning: Teleporting vehicle '1283'; waited too long (jam), lane='-1190301745#0_0', time=3258.00.
Warning: Vehicle '1283' ends teleporting on edge '-7521008#1', time=3260.00.
Warning: Teleporting vehicle '3116'; waited too long (yield), lane='622835372_0', time=3262.00.
Warning: Vehicle '3116' ends teleporting on edge '-1190301745#0', time=3263.00.
Warning: Teleporting vehicle '473'; waited too long (jam), lane='-621271001_0', time=3266.00.
Warning: Vehicle '473' ends teleporting on edge '-1190301745#0', time=3268.00.
Warning: Vehicle '1290' ends teleporting on edge '4761588#1', time=3271.00.
Warning: Teleporting vehicle '197'; waited too long (yield), lane='621271001_0', time=3313.00.
Warning: Vehicle '141' ends teleporting on edge '4761588#1', time=3319.00.
Warning: Teleporting vehicle '2097'; waited too long (yield), lane='42790161#2_0', time=3321.00.
Warning: Vehicle '2097' ends teleporting on edge '623540942#0', time=3321.00.
Warning: Vehicle '1001' teleports beyond arrival edge '-621271001', time=3348.00.
Warning: Teleporting vehicle '618'; waited too long (yield), lane='-621271003_0', time=3390.00.
Warning: Vehicle '197' ends teleporting on edge '-1190301745#0', time=3398.00.
Warning: Teleporting vehicle '1350'; waited too long (yield), lane='380081149#1_0', time=3433.00.
Warning: Vehicle '389' ends teleporting on edge '-1190301745#0', time=3435.00.
Warning: Teleporting vehicle '1725'; waited too long (jam), lane='380081149#0_0', time=3453.00.
Warning: Teleporting vehicle '2299'; waited too long (yield), lane='42790161#2_1', time=3476.00.
Warning: Vehicle '2299' ends teleporting on edge '623540942#0', time=3476.00.
Warning: Vehicle '618' ends teleporting on edge '621271001', time=3477.00.
Warning: Teleporting vehicle '408'; waited too long (yield), lane='42790161#2_2', time=3556.00.
Warning: Teleporting vehicle '83'; waited too long (jam), lane='623540942#0_2', time=3581.00.
Warning: Vehicle '408' ends teleporting on edge '623540942#0', time=3581.00.
Warning: Teleporting vehicle '202'; waited too long (yield), lane='-621271003_0', time=409.00.
Warning: Teleporting vehicle '98'; waited too long (yield), lane='621271001_0', time=412.00.
Warning: Teleporting vehicle '169'; waited too long (yield), lane='622835372_2', time=420.00.
Warning: Vehicle '202' teleports beyond arrival edge '-621271001', time=477.00.
Warning: Vehicle '98' ends teleporting on edge '4761588#1', time=481.00.
Warning: Vehicle '169' teleports beyond arrival edge '621271001', time=488.00.
Warning: Teleporting vehicle '598'; waited too long (wrong lane), lane='623540942#0_0', time=679.00.
Warning: Teleporting vehicle '795'; waited too long (yield), lane='42790161#2_0', time=712.00.
Warning: Vehicle '795' ends teleporting on edge '623540942#0', time=712.00.
Warning: Teleporting vehicle '248'; waited too long (yield), lane='-621271003_0', time=714.00.
Warning: Teleporting vehicle '59'; waited too long (yield), lane='1190301745#0_0', time=729.00.
Warning: Teleporting vehicle '229'; waited too long (wrong lane), lane='623540942#0_1', time=738.00.
Warning: Teleporting vehicle '193'; waited too long (yield), lane='623540942#0_2', time=738.00.
Warning: Teleporting vehicle '880'; waited too long (jam), lane='42790161#2_1', time=746.00.
Warning: Vehicle '880' ends teleporting on edge '623540942#0', time=746.00.
Warning: Teleporting vehicle '176'; waited too long (jam), lane='42790161#2_2', time=762.00.
Warning: Teleporting vehicle '53'; waited too long (yield), lane='621271001_0', time=766.00.
Warning: Vehicle '59' ends teleporting on edge '621271001', time=766.00.
Warning: Teleporting vehicle '420'; waited too long (jam), lane='-1190301745#0_0', time=770.00.
Warning: Vehicle '598' ends teleporting on edge '-1190301745#0', time=770.00.
Warning: Teleporting vehicle '706'; waited too long (yield), lane='622835372_0', time=774.00.
Warning: Teleporting vehicle '174'; waited too long (yield), lane='622835372_2', time=777.00.
Warning: Vehicle '248' teleports beyond arrival edge '-621271001', time=782.00.
Warning: Teleporting vehicle '123'; waited too long (yield), lane=':cluster_30406198_7161921427_7161921428_2_0', time=795.00.
Warning: Vehicle '123' ends teleporting on edge '4761588#1', time=795.00.
Warning: Vehicle '53' ends teleporting on edge '-621271001', time=804.00.
Warning: Vehicle '193' ends teleporting on edge '4761588#1', time=807.00.
Warning: Teleporting vehicle '60'; waited too long (yield), lane='621271001_0', time=822.00.
Warning: Vehicle '60' ends teleporting on edge '380081148#0', time=822.00.
Warning: Vehicle '174' ends teleporting on edge '380081148#0', time=846.00.
Warning: Vehicle '229' ends teleporting on edge '621271001', time=860.00.
Warning: Vehicle '706' ends teleporting on edge '7521008#0', time=887.00.
Warning: Vehicle '420' ends teleporting on edge '7521008#0', time=899.00.
Warning: Teleporting vehicle '251'; waited too long (yield), lane='-621271003_0', time=1018.00.
Warning: Vehicle '176' teleports beyond arrival edge '-1190301745#0', time=1030.00.
Warning: Teleporting vehicle '914'; waited too long (yield), lane='42790161#2_1', time=1050.00.
Warning: Teleporting vehicle '274'; waited too long (yield), lane='42790161#2_2', time=1069.00.
Warning: Teleporting vehicle '389'; waited too long (jam), lane=':766056686_0_2', time=1082.00.
Warning: Teleporting vehicle '206'; waited too long (yield), lane='622835372_2', time=1083.00.
Warning: Vehicle '251' ends teleporting on edge '4761588#1', time=1087.00.
Warning: Teleporting vehicle '798'; waited too long (yield), lane='380081149#1_0', time=1109.00.
Warning: Teleporting vehicle '731'; waited too long (wrong lane), lane='623540942#0_0', time=1121.00.
Warning: Teleporting vehicle '920'; waited too long (yield), lane='42790161#2_0', time=1135.00.
Warning: Vehicle '914' ends teleporting on edge '623540942#0', time=1135.00.
Warning: Vehicle '920' ends teleporting on edge '623540942#0', time=1137.00.
Warning: Teleporting vehicle '1554'; waited too long (jam), lane=':766056686_0_0', time=1148.00.
Warning: Teleporting vehicle '173'; waited too long (yield), lane='621271001_0', time=1175.00.
Warning: Teleporting vehicle '125'; waited too long (yield), lane='1190301745#0_0', time=1185.00.
Warning: Vehicle '1554' teleports beyond arrival edge '42790161#2', time=1203.00.
Warning: Teleporting vehicle '329'; waited too long (wrong lane), lane='623540942#0_1', time=1212.00.
Warning: Teleporting vehicle '370'; waited too long (wrong lane), lane='623540942#0_1', time=1213.00.
Warning: Teleporting vehicle '301'; waited too long (jam), lane='623540942#0_2', time=1213.00.
Warning: Teleporting vehicle '421'; waited too long (wrong lane), lane='623540942#0_1', time=1214.00.
Warning: Teleporting vehicle '658'; waited too long (wrong lane), lane='623540942#0_1', time=1215.00.
Warning: Teleporting vehicle '423'; waited too long (wrong lane), lane='623540942#0_1', time=1216.00.
Warning: Vehicle '206' teleports beyond arrival edge '-621271001', time=1219.00.
Warning: Vehicle '125' ends teleporting on edge '621271001', time=1230.00.
Warning: Teleporting vehicle '1341'; waited too long (yield), lane='622835372_0', time=1233.00.
Warning: Vehicle '1341' ends teleporting on edge '-1190301745#0', time=1234.00.
Warning: Vehicle '173' teleports beyond arrival edge '-621271001', time=1243.00.
Warning: Vehicle '731' ends teleporting on edge '621271001', time=1248.00.
Warning: Vehicle '274' ends teleporting on edge '-621271001', time=1250.00.
Warning: Teleporting vehicle '979'; waited too long (jam), lane='42790161#2_0', time=1270.00.
Warning: Vehicle '979' ends teleporting on edge '623540942#0', time=1270.00.
Warning: Vehicle '329' ends teleporting on edge '-1190301745#0', time=1281.00.
Warning: Vehicle '370' ends teleporting on edge '4761588#1', time=1282.00.
Warning: Vehicle '423' ends teleporting on edge '4761588#1', time=1285.00.
Warning: Vehicle '301' ends teleporting on edge '-1190301745#0', time=1289.00.
Warning: Vehicle '798' ends teleporting on edge '-621271001', time=1301.00.
Warning: Vehicle '389' ends teleporting on edge '-1190301745#0', time=1303.00.
Warning: Vehicle '421' ends teleporting on edge '-1190301745#0', time=1304.00.
Warning: Vehicle '658' ends teleporting on edge '-1190301745#0', time=1306.00.
Warning: Teleporting vehicle '255'; waited too long (yield), lane='-621271003_0', time=1323.00.
Warning: Vehicle '255' ends teleporting on edge '4761588#1', time=1343.00.
Warning: Teleporting vehicle '1077'; waited too long (jam), lane='42790161#2_2', time=1361.00.
Warning: Vehicle '1077' ends teleporting on edge '623540942#0', time=1409.00.
Warning: Teleporting vehicle '129'; waited too long (yield), lane='621271001_0', time=1584.00.
Warning: Teleporting vehicle '390'; waited too long (yield), lane='622835372_2', time=1592.00.
Warning: Teleporting vehicle '1820'; waited too long (yield), lane='622835372_0', time=1596.00.
Warning: Teleporting vehicle '266'; waited too long (jam), lane='-621271003_0', time=1628.00.
Warning: Vehicle '390' ends teleporting on edge '621271001', time=1631.00.
Warning: Teleporting vehicle '832'; waited too long (yield), lane='623540942#0_2', time=1633.00.
Warning: Vehicle '129' ends teleporting on edge '-621271001', time=1641.00.
Warning: Vehicle '1820' ends teleporting on edge '-7521008#1', time=1649.00.
Warning: Teleporting vehicle '288'; waited too long (jam), lane='42790161#2_2', time=1667.00.
Warning: Teleporting vehicle '1782'; waited too long (jam), lane='42790161#2_1', time=1668.00.
Warning: Vehicle '266' ends teleporting on edge '-621271001', time=1680.00.
Warning: Vehicle '832' ends teleporting on edge '-621271001', time=1682.00.
Warning: Vehicle '1782' ends teleporting on edge '623540942#0', time=1720.00.
Warning: Teleporting vehicle '1013'; waited too long (yield), lane='380081149#1_0', time=1745.00.
Warning: Teleporting vehicle '2385'; waited too long (jam), lane='42790161#2_0', time=1755.00.
Warning: Vehicle '2385' ends teleporting on edge '623540942#0', time=1755.00.
Warning: Teleporting vehicle '1290'; waited too long (jam), lane='380081149#0_0', time=1765.00.
Warning: Vehicle '288' ends teleporting on edge '4761588#1', time=1868.00.
Warning: Teleporting vehicle '881'; waited too long (wrong lane), lane='623540942#0_1', time=1935.00.
Warning: Teleporting vehicle '816'; waited too long (jam), lane='623540942#0_2', time=1937.00.
Warning: Vehicle '1290' ends teleporting on edge '623540942#0', time=1937.00.
Warning: Teleporting vehicle '806'; waited too long (yield), lane='622835372_2', time=1962.00.
Warning: Vehicle '881' teleports beyond arrival edge '-621271001', time=2003.00.
Warning: Vehicle '816' teleports beyond arrival edge '-621271001', time=2005.00.
Warning: Vehicle '1013' teleports beyond arrival edge '621271001', time=2013.00.
Warning: Teleporting vehicle '2090'; waited too long (jam), lane='42790161#2_1', time=2029.00.
Warning: Vehicle '806' ends teleporting on edge '621271003', time=2031.00.
Warning: Teleporting vehicle '331'; waited too long (jam), lane='42790161#2_2', time=2032.00.
Warning: Teleporting vehicle '1068'; waited too long (jam), lane='380081149#1_0', time=2055.00.
Warning: Vehicle '1068' ends teleporting on edge '623540942#0', time=2055.00.
Warning: Teleporting vehicle '2438'; waited too long (yield), lane='42790161#2_0', time=2060.00.
Warning: Vehicle '2438' ends teleporting on edge '623540942#0', time=2060.00.
Warning: Teleporting vehicle '298'; waited too long (jam), lane='-621271003_0', time=2067.00.
Warning: Teleporting vehicle '832'; waited too long (yield), lane=':cluster_30406198_7161921427_7161921428_4_0', time=2072.00.
Warning: Vehicle '298' ends teleporting on edge '-621271001', time=2074.00.
Warning: Teleporting vehicle '692'; waited too long (yield), lane='1190301745#0_0', time=2079.00.
Warning: Vehicle '692' ends teleporting on edge '621271001', time=2087.00.
Warning: Teleporting vehicle '842'; waited too long (jam), lane='623540942#0_2', time=2122.00.
Warning: Vehicle '2090' ends teleporting on edge '623540942#0', time=2123.00.
Warning: Teleporting vehicle '2660'; waited too long (yield), lane='622835372_0', time=2127.00.
Warning: Vehicle '832' teleports beyond arrival edge '621271001', time=2140.00.
Warning: Vehicle '2660' teleports beyond arrival edge '-7521008#1', time=2180.00.
Warning: Teleporting vehicle '1010'; waited too long (wrong lane), lane='623540942#0_0', time=2261.00.
Warning: Teleporting vehicle '854'; waited too long (jam), lane='622835372_2', time=2267.00.
Warning: Vehicle '842' teleports beyond arrival edge '-7521008#1', time=2287.00.
Warning: Vehicle '331' teleports beyond arrival edge '-7521008#1', time=2329.00.
Warning: Teleporting vehicle '2097'; waited too long (yield), lane='42790161#2_1', time=2334.00.
Warning: Vehicle '2097' ends teleporting on edge '623540942#0', time=2334.00.
Warning: Vehicle '854' ends teleporting on edge '621271003', time=2336.00.
Warning: Teleporting vehicle '379'; waited too long (yield), lane='42790161#2_2', time=2342.00.
Warning: Teleporting vehicle '300'; waited too long (yield), lane='-621271003_0', time=2372.00.
Warning: Teleporting vehicle '763'; waited too long (jam), lane='7521008#0_0', time=2388.00.
Warning: Teleporting vehicle '273'; waited too long (yield), lane='1190301745#0_0', time=2415.00.
Warning: Vehicle '763' ends teleporting on edge '1190301745#0', time=2415.00.
Warning: Teleporting vehicle '142'; waited too long (yield), lane='-621271001_0', time=2417.00.
Warning: Vehicle '300' ends teleporting on edge '-621271001', time=2417.00.
Warning: Teleporting vehicle '898'; waited too long (wrong lane), lane='623540942#0_1', time=2424.00.
Warning: Teleporting vehicle '882'; waited too long (yield), lane='623540942#0_2', time=2426.00.
Warning: Vehicle '379' ends teleporting on edge '623540942#0', time=2426.00.
Warning: Teleporting vehicle '2664'; waited too long (yield), lane='622835372_0', time=2432.00.
Warning: Vehicle '2664' ends teleporting on edge '-1190301745#0', time=2460.00.
Warning: Vehicle '882' teleports beyond arrival edge '-621271001', time=2469.00.
Warning: Vehicle '898' ends teleporting on edge '-1190301745#0', time=2469.00.
Warning: Vehicle '273' teleports beyond arrival edge '621271001', time=2483.00.
Warning: Teleporting vehicle '427'; waited too long (jam), lane='623540942#0_2', time=2485.00.
Warning: Vehicle '142' ends teleporting on edge '380081148#0', time=2486.00.
Warning: Vehicle '427' teleports beyond arrival edge '-1190301745#0', time=2602.00.
Warning: Teleporting vehicle '2099'; waited too long (jam), lane='42790161#2_1', time=2638.00.
Warning: Teleporting vehicle '1212'; waited too long (yield), lane='380081149#1_0', time=2638.00.
Warning: Vehicle '1212' ends teleporting on edge '623540942#0', time=2638.00.
Warning: Vehicle '2099' ends teleporting on edge '623540942#0', time=2638.00.
Warning: Teleporting vehicle '408'; waited too long (jam), lane='42790161#2_2', time=2649.00.
Warning: Teleporting vehicle '3544'; waited too long (jam), lane=':766056686_0_1', time=2652.00.
Warning: Vehicle '1010' teleports beyond arrival edge '1190301745#0', time=2682.00.
Warning: Vehicle '3544' ends teleporting on edge '623540942#0', time=2708.00.
Warning: Teleporting vehicle '744'; waited too long (yield), lane='1190301745#0_0', time=2722.00.
Warning: Teleporting vehicle '353'; waited too long (yield), lane='-621271003_0', time=2742.00.
Warning: Teleporting vehicle '305'; waited too long (yield), lane='621271001_0', time=2744.00.
Warning: Vehicle '744' ends teleporting on edge '621271001', time=2744.00.
Warning: Teleporting vehicle '936'; waited too long (yield), lane='622835372_2', time=2749.00.
Warning: Teleporting vehicle '3068'; waited too long (yield), lane='622835372_0', time=2770.00.
Warning: Teleporting vehicle '1209'; waited too long (wrong lane), lane='623540942#0_0', time=2782.00.
Warning: Teleporting vehicle '4199'; waited too long (yield), lane='42790161#2_1', time=2793.00.
Warning: Vehicle '4199' ends teleporting on edge '623540942#0', time=2793.00.
Warning: Vehicle '1209' ends teleporting on edge '-1190301745#0', time=2808.00.
Warning: Vehicle '3068' ends teleporting on edge '-7521008#1', time=2809.00.
Warning: Vehicle '305' ends teleporting on edge '4761588#1', time=2813.00.
Warning: Vehicle '936' ends teleporting on edge '380081148#0', time=2818.00.
Warning: Vehicle '353' ends teleporting on edge '-1190301745#0', time=2850.00.
Warning: Vehicle '408' ends teleporting on edge '-1190301745#0', time=2860.00.
Warning: Teleporting vehicle '426'; waited too long (yield), lane='42790161#2_2', time=2955.00.
Warning: Teleporting vehicle '368'; waited too long (yield), lane='-621271003_0', time=3046.00.
Warning: Teleporting vehicle '833'; waited too long (jam), lane='7521008#0_0', time=3113.00.
Warning: Vehicle '368' teleports beyond arrival edge '-621271001', time=3114.00.
Warning: Teleporting vehicle '327'; waited too long (yield), lane='621271001_0', time=3116.00.
Warning: Vehicle '426' ends teleporting on edge '4761588#1', time=3116.00.
Warning: Teleporting vehicle '3348'; waited too long (yield), lane='622835372_0', time=3120.00.
Warning: Teleporting vehicle '970'; waited too long (yield), lane='622835372_2', time=3126.00.
Warning: Teleporting vehicle '943'; waited too long (jam), lane='623540942#0_2', time=3171.00.
Warning: Vehicle '3348' teleports beyond arrival edge '-7521008#1', time=3178.00.
Warning: Vehicle '327' ends teleporting on edge '4761588#1', time=3185.00.
Warning: Vehicle '970' ends teleporting on edge '621271003', time=3195.00.
Warning: Vehicle '833' ends teleporting on edge '-621271001', time=3217.00.
Warning: Vehicle '943' ends teleporting on edge '4761588#1', time=3240.00.
Warning: Teleporting vehicle '435'; waited too long (jam), lane='42790161#2_2', time=3261.00.
Warning: Teleporting vehicle '412'; waited too long (yield), lane='-621271003_0', time=3399.00.
Warning: Teleporting vehicle '996'; waited too long (yield), lane='622835372_2', time=3430.00.
Warning: Teleporting vehicle '315'; waited too long (yield), lane='380081149#1_0', time=3433.00.
Warning: Vehicle '315' ends teleporting on edge '623540942#0', time=3433.00.
Warning: Teleporting vehicle '1727'; waited too long (jam), lane='380081149#0_0', time=3455.00.
Warning: Vehicle '412' ends teleporting on edge '4761588#1', time=3468.00.
Warning: Teleporting vehicle '1224'; waited too long (wrong lane), lane='623540942#0_1', time=3476.00.
Warning: Teleporting vehicle '956'; waited too long (jam), lane='623540942#0_2', time=3476.00.
Warning: Vehicle '996' ends teleporting on edge '380081148#0', time=3499.00.
Warning: Teleporting vehicle '1350'; waited too long (wrong lane), lane='623540942#0_0', time=3500.00.
Warning: Teleporting vehicle '2062'; waited too long (yield), lane='42790161#2_0', time=3507.00.
Warning: Teleporting vehicle '2173'; waited too long (yield), lane='42790161#2_1', time=3510.00.
Warning: Vehicle '2173' ends teleporting on edge '623540942#0', time=3510.00.
Warning: Vehicle '2062' ends teleporting on edge '623540942#0', time=3511.00.
Warning: Teleporting vehicle '307'; waited too long (yield), lane='1190301745#0_0', time=3515.00.
Warning: Teleporting vehicle '526'; waited too long (yield), lane='-621271001_0', time=3524.00.
Warning: Vehicle '956' ends teleporting on edge '-621271001', time=3524.00.
Warning: Vehicle '435' teleports beyond arrival edge '621271001', time=3529.00.
Warning: Teleporting vehicle '781'; waited too long (yield), lane='621271001_0', time=3538.00.
Warning: Vehicle '307' teleports beyond arrival edge '-1190301745#0', time=3544.00.
Warning: Vehicle '1224' teleports beyond arrival edge '-621271001', time=3544.00.
Warning: Teleporting vehicle '346'; waited too long (jam), lane='-621271001_0', time=3553.00.
Warning: Vehicle '346' teleports beyond arrival edge '-621271001', time=3553.00.
Warning: Teleporting vehicle '3546'; waited too long (yield), lane='622835372_0', time=3564.00.
Warning: Teleporting vehicle '444'; waited too long (yield), lane='42790161#2_2', time=3567.00.
Warning: Vehicle '3546' ends teleporting on edge '-1190301745#0', time=3567.00.
Warning: Vehicle '526' teleports beyond arrival edge '-7521008#1', time=3582.00.
Warning: Teleporting vehicle '83'; waited too long (yield), lane='42790161#2_2', time=354.00.
Warning: Teleporting vehicle '111'; waited too long (jam), lane='7521008#0_0', time=390.00.
Warning: Teleporting vehicle '59'; waited too long (yield), lane='621271001_0', time=407.00.
Warning: Teleporting vehicle '202'; waited too long (jam), lane='-621271003_0', time=412.00.
Warning: Vehicle '111' ends teleporting on edge '621271001', time=425.00.
Warning: Vehicle '59' teleports beyond arrival edge '-621271001', time=475.00.
Warning: Vehicle '202' teleports beyond arrival edge '-621271001', time=480.00.
Warning: Teleporting vehicle '112'; waited too long (yield), lane='623540942#0_2', time=484.00.
Warning: Vehicle '112' teleports beyond arrival edge '-621271001', time=552.00.
Warning: Teleporting vehicle '451'; waited too long (yield), lane='380081149#1_0', time=586.00.
Warning: Teleporting vehicle '427'; waited too long (wrong lane), lane='623540942#0_0', time=595.00.
Warning: Vehicle '451' ends teleporting on edge '623540942#0', time=603.00.
Warning: Teleporting vehicle '606'; waited too long (jam), lane='380081149#0_0', time=609.00.
Warning: Teleporting vehicle '611'; waited too long (yield), lane='42790161#2_0', time=613.00.
Warning: Vehicle '611' ends teleporting on edge '623540942#0', time=613.00.
Warning: Vehicle '83' teleports beyond arrival edge '-7521008#1', time=651.00.
Warning: Teleporting vehicle '693'; waited too long (jam), lane='42790161#2_0', time=654.00.
Warning: Vehicle '693' ends teleporting on edge '623540942#0', time=654.00.
Warning: Teleporting vehicle '91'; waited too long (jam), lane='42790161#2_2', time=658.00.
Warning: Teleporting vehicle '248'; waited too long (yield), lane='-621271003_0', time=717.00.
Warning: Teleporting vehicle '53'; waited too long (yield), lane='621271001_0', time=718.00.
Warning: Teleporting vehicle '169'; waited too long (jam), lane='622835372_2', time=722.00.
Warning: Teleporting vehicle '45'; waited too long (yield), lane='-621271001_0', time=726.00.
Warning: Teleporting vehicle '70'; waited too long (yield), lane=':cluster_30406198_7161921427_7161921428_4_0', time=726.00.
Warning: Vehicle '53' ends teleporting on edge '-621271001', time=726.00.
Warning: Vehicle '248' ends teleporting on edge '-621271001', time=727.00.
Warning: Vehicle '427' teleports beyond arrival edge '-1190301745#0', time=731.00.
Warning: Teleporting vehicle '90'; waited too long (yield), lane='1190301745#0_0', time=738.00.
Warning: Vehicle '70' ends teleporting on edge '621271001', time=759.00.
Warning: Vehicle '606' ends teleporting on edge '596638461#0', time=768.00.
Warning: Teleporting vehicle '229'; waited too long (wrong lane), lane='623540942#0_1', time=788.00.
Warning: Teleporting vehicle '207'; waited too long (yield), lane='623540942#0_2', time=789.00.
Warning: Vehicle '169' teleports beyond arrival edge '621271001', time=790.00.
Warning: Vehicle '90' teleports beyond arrival edge '621271001', time=806.00.
Warning: Teleporting vehicle '769'; waited too long (yield), lane='42790161#2_1', time=918.00.
Warning: Vehicle '769' ends teleporting on edge '623540942#0', time=918.00.
Warning: Teleporting vehicle '345'; waited too long (yield), lane='380081149#1_0', time=922.00.
Warning: Vehicle '229' teleports beyond arrival edge '621271001', time=924.00.
Warning: Vehicle '91' teleports beyond arrival edge '-1190301745#0', time=926.00.
Warning: Teleporting vehicle '652'; waited too long (jam), lane='380081149#0_0', time=938.00.
Warning: Vehicle '207' teleports beyond arrival edge '-7521008#1', time=954.00.
Warning: Teleporting vehicle '615'; waited too long (yield), lane='42790161#2_0', time=959.00.
Warning: Vehicle '615' ends teleporting on edge '623540942#0', time=959.00.
Warning: Teleporting vehicle '119'; waited too long (yield), lane='42790161#2_2', time=969.00.
Warning: Teleporting vehicle '68'; waited too long (yield), lane='-621271001_0', time=1039.00.
Warning: Vehicle '345' ends teleporting on edge '-621271001', time=1039.00.
Warning: Vehicle '45' teleports beyond arrival edge '1190301745#0', time=1040.00.
Warning: Teleporting vehicle '114'; waited too long (yield), lane='1190301745#0_0', time=1043.00.
Warning: Teleporting vehicle '284'; waited too long (yield), lane='-621271003_0', time=1050.00.
Warning: Teleporting vehicle '88'; waited too long (yield), lane='621271001_0', time=1055.00.
Warning: Vehicle '114' ends teleporting on edge '621271001', time=1055.00.
Warning: Teleporting vehicle '174'; waited too long (yield), lane='622835372_2', time=1063.00.
Warning: Vehicle '68' teleports beyond arrival edge '-1190301745#0', time=1068.00.
Warning: Teleporting vehicle '512'; waited too long (jam), lane='-1190301745#0_0', time=1085.00.
Warning: Teleporting vehicle '262'; waited too long (wrong lane), lane='623540942#0_1', time=1093.00.
Warning: Teleporting vehicle '170'; waited too long (jam), lane='623540942#0_2', time=1094.00.
Warning: Vehicle '652' ends teleporting on edge '623540942#0', time=1097.00.
Warning: Teleporting vehicle '106'; waited too long (yield), lane='621271001_0', time=1101.00.
Warning: Vehicle '106' ends teleporting on edge '621271003', time=1101.00.
Warning: Vehicle '174' ends teleporting on edge '621271001', time=1102.00.
Warning: Vehicle '284' ends teleporting on edge '4761588#1', time=1119.00.
Warning: Vehicle '88' teleports beyond arrival edge '-621271001', time=1123.00.
Warning: Vehicle '512' teleports beyond arrival edge '-7521008#1', time=1142.00.
Warning: Vehicle '119' teleports beyond arrival edge '-621271001', time=1169.00.
Warning: Teleporting vehicle '802'; waited too long (yield), lane='42790161#2_1', time=1227.00.
Warning: Vehicle '802' ends teleporting on edge '623540942#0', time=1227.00.
Warning: Vehicle '262' teleports beyond arrival edge '621271001', time=1229.00.
Warning: Vehicle '170' teleports beyond arrival edge '621271001', time=1230.00.
Warning: Teleporting vehicle '483'; waited too long (jam), lane='380081149#1_0', time=1263.00.
Warning: Vehicle '483' ends teleporting on edge '623540942#0', time=1263.00.
Warning: Teleporting vehicle '621'; waited too long (yield), lane='42790161#2_0', time=1264.00.
Warning: Vehicle '621' ends teleporting on edge '623540942#0', time=1265.00.
Warning: Teleporting vehicle '673'; waited too long (jam), lane='380081149#0_0', time=1282.00.
Warning: Teleporting vehicle '127'; waited too long (yield), lane='42790161#2_2', time=1317.00.
Warning: Teleporting vehicle '345'; waited too long (yield), lane='-621271001_0', time=1346.00.
Warning: Teleporting vehicle '298'; waited too long (yield), lane='-621271003_0', time=1356.00.
Warning: Teleporting vehicle '125'; waited too long (yield), lane='1190301745#0_0', time=1358.00.
Warning: Teleporting vehicle '133'; waited too long (yield), lane='621271001_0', time=1408.00.
Warning: Vehicle '125' ends teleporting on edge '621271001', time=1408.00.
Warning: Teleporting vehicle '1315'; waited too long (yield), lane='622835372_0', time=1409.00.
Warning: Vehicle '345' teleports beyond arrival edge '621271001', time=1414.00.
Warning: Teleporting vehicle '240'; waited too long (yield), lane='622835372_2', time=1418.00.
Warning: Vehicle '298' ends teleporting on edge '4761588#1', time=1425.00.
Warning: Vehicle '673' ends teleporting on edge '596638461#0', time=1441.00.
Warning: Vehicle '1315' ends teleporting on edge '-7521008#1', time=1448.00.
Warning: Teleporting vehicle '148'; waited too long (jam), lane='621271001_0', time=1465.00.
Warning: Vehicle '148' teleports beyond arrival edge '621271001', time=1465.00.
Warning: Vehicle '240' ends teleporting on edge '621271001', time=1466.00.
Warning: Vehicle '133' teleports beyond arrival edge '-621271001', time=1476.00.
Warning: Teleporting vehicle '300'; waited too long (jam), lane='-621271003_0', time=1660.00.
Warning: Teleporting vehicle '149'; waited too long (yield), lane='42790161#2_2', time=1677.00.
Warning: Teleporting vehicle '1243'; waited too long (yield), lane='42790161#2_0', time=1696.00.
Warning: Vehicle '1243' ends teleporting on edge '623540942#0', time=1696.00.
Warning: Teleporting vehicle '914'; waited too long (yield), lane='42790161#2_1', time=1704.00.
Warning: Vehicle '914' ends teleporting on edge '623540942#0', time=1704.00.
Warning: Teleporting vehicle '96'; waited too long (jam), lane='-621271001_0', time=1710.00.
Warning: Vehicle '300' ends teleporting on edge '-621271001', time=1710.00.
Warning: Teleporting vehicle '196'; waited too long (yield), lane='1190301745#0_0', time=1712.00.
Warning: Teleporting vehicle '226'; waited too long (jam), lane='7521008#0_0', time=1715.00.
Warning: Vehicle '127' ends teleporting on edge '7521008#0', time=1715.00.
Warning: Teleporting vehicle '301'; waited too long (jam), lane='623540942#0_2', time=1718.00.
Warning: Vehicle '149' ends teleporting on edge '623540942#0', time=1718.00.
Warning: Teleporting vehicle '598'; waited too long (yield), lane='380081149#1_0', time=1760.00.
Warning: Vehicle '226' ends teleporting on edge '380081148#0', time=1761.00.
Warning: Teleporting vehicle '1373'; waited too long (yield), lane='622835372_0', time=1763.00.
Warning: Vehicle '196' teleports beyond arrival edge '-7521008#1', time=1770.00.
Warning: Teleporting vehicle '105'; waited too long (yield), lane='621271001_0', time=1773.00.
Warning: Teleporting vehicle '340'; waited too long (yield), lane='622835372_2', time=1780.00.
Warning: Vehicle '340' ends teleporting on edge '621271001', time=1783.00.
Warning: Vehicle '1373' ends teleporting on edge '-7521008#1', time=1803.00.
Warning: Vehicle '96' ends teleporting on edge '7521008#0', time=1806.00.
Warning: Vehicle '301' ends teleporting on edge '-1190301745#0', time=1812.00.
Warning: Vehicle '105' teleports beyond arrival edge '-621271001', time=1841.00.
Warning: Teleporting vehicle '304'; waited too long (yield), lane='-621271003_0', time=1967.00.
Warning: Teleporting vehicle '153'; waited too long (yield), lane='42790161#2_2', time=1983.00.
Warning: Teleporting vehicle '300'; waited too long (yield), lane='-621271001_0', time=2011.00.
Warning: Vehicle '304' ends teleporting on edge '-621271001', time=2011.00.
Warning: Teleporting vehicle '1077'; waited too long (jam), lane='42790161#2_1', time=2012.00.
Warning: Vehicle '1077' ends teleporting on edge '623540942#0', time=2012.00.
Warning: Teleporting vehicle '329'; waited too long (wrong lane), lane='623540942#0_1', time=2021.00.
Warning: Teleporting vehicle '122'; waited too long (yield), lane='623540942#0_2', time=2022.00.
Warning: Vehicle '153' ends teleporting on edge '623540942#0', time=2022.00.
Warning: Teleporting vehicle '370'; waited too long (wrong lane), lane='623540942#0_1', time=2023.00.
Warning: Teleporting vehicle '149'; waited too long (jam), lane=':cluster_54994556_7161921429_13_0', time=2024.00.
Warning: Teleporting vehicle '1757'; waited too long (yield), lane='42790161#2_0', time=2057.00.
Warning: Teleporting vehicle '526'; waited too long (wrong lane), lane='623540942#0_0', time=2057.00.
Warning: Vehicle '1757' ends teleporting on edge '623540942#0', time=2057.00.
Warning: Vehicle '300' teleports beyond arrival edge '-7521008#1', time=2069.00.
Warning: Vehicle '598' ends teleporting on edge '7521008#0', time=2070.00.
Warning: Teleporting vehicle '347'; waited too long (jam), lane='622835372_2', time=2085.00.
Warning: Vehicle '122' ends teleporting on edge '4761588#1', time=2091.00.
Warning: Vehicle '370' ends teleporting on edge '4761588#1', time=2092.00.
Warning: Vehicle '347' ends teleporting on edge '380081148#0', time=2154.00.
Warning: Vehicle '149' teleports beyond arrival edge '-1190301745#0', time=2160.00.
Warning: Vehicle '526' teleports beyond arrival edge '-7521008#1', time=2222.00.
Warning: Teleporting vehicle '334'; waited too long (yield), lane='-621271003_0', time=2272.00.
Warning: Teleporting vehicle '176'; waited too long (yield), lane='42790161#2_2', time=2306.00.
Warning: Teleporting vehicle '304'; waited too long (jam), lane='-621271001_0', time=2312.00.
Warning: Vehicle '334' ends teleporting on edge '-621271001', time=2312.00.
Warning: Teleporting vehicle '158'; waited too long (jam), lane='-621271001_0', time=2313.00.
Warning: Vehicle '158' teleports beyond arrival edge '-621271001', time=2313.00.
Warning: Teleporting vehicle '1202'; waited too long (yield), lane='42790161#2_1', time=2317.00.
Warning: Vehicle '1202' ends teleporting on edge '623540942#0', time=2317.00.
Warning: Teleporting vehicle '153'; waited too long (yield), lane='623540942#0_2', time=2323.00.
Warning: Vehicle '176' ends teleporting on edge '623540942#0', time=2323.00.
Warning: Teleporting vehicle '1894'; waited too long (jam), lane=':766056686_0_1', time=2329.00.
Warning: Teleporting vehicle '270'; waited too long (wrong lane), lane='623540942#0_1', time=2334.00.
Warning: Vehicle '304' teleports beyond arrival edge '-1190301745#0', time=2341.00.
Warning: Teleporting vehicle '1906'; waited too long (yield), lane='42790161#2_1', time=2365.00.
Warning: Vehicle '1894' ends teleporting on edge '42790161#2', time=2365.00.
Warning: Vehicle '1906' ends teleporting on edge '623540942#0', time=2365.00.
Warning: Teleporting vehicle '731'; waited too long (yield), lane='380081149#1_0', time=2385.00.
Warning: Vehicle '270' teleports beyond arrival edge '-621271001', time=2385.00.
Warning: Vehicle '153' ends teleporting on edge '-1190301745#0', time=2386.00.
Warning: Vehicle '329' ends teleporting on edge '1190301745#0', time=2399.00.
Warning: Teleporting vehicle '123'; waited too long (jam), lane='623540942#0_2', time=2403.00.
Warning: Vehicle '731' ends teleporting on edge '623540942#0', time=2405.00.
Warning: Teleporting vehicle '933'; waited too long (jam), lane='380081149#0_0', time=2408.00.
Warning: Vehicle '123' ends teleporting on edge '4761588#1', time=2421.00.
Warning: Teleporting vehicle '1258'; waited too long (jam), lane='42790161#2_1', time=2456.00.
Warning: Vehicle '1258' ends teleporting on edge '623540942#0', time=2492.00.
Warning: Vehicle '933' ends teleporting on edge '596638461#0', time=2567.00.
Warning: Teleporting vehicle '368'; waited too long (jam), lane='-621271003_0', time=2628.00.
Warning: Teleporting vehicle '108'; waited too long (yield), lane='621271001_0', time=2648.00.
Warning: Teleporting vehicle '274'; waited too long (yield), lane='42790161#2_2', time=2671.00.
Warning: Vehicle '368' teleports beyond arrival edge '-621271001', time=2696.00.
Warning: Teleporting vehicle '353'; waited too long (yield), lane='-621271001_0', time=2707.00.
Warning: Vehicle '108' ends teleporting on edge '-621271001', time=2707.00.
Warning: Vehicle '353' ends teleporting on edge '-1190301745#0', time=2711.00.
Warning: Teleporting vehicle '193'; waited too long (yield), lane='623540942#0_2', time=2717.00.
Warning: Vehicle '274' ends teleporting on edge '623540942#0', time=2717.00.
Warning: Teleporting vehicle '173'; waited too long (jam), lane='-621271001_0', time=2754.00.
Warning: Vehicle '173' teleports beyond arrival edge '-621271001', time=2754.00.
Warning: Vehicle '193' ends teleporting on edge '-621271001', time=2755.00.
Warning: Teleporting vehicle '317'; waited too long (jam), lane='623540942#0_2', time=2762.00.
Warning: Teleporting vehicle '1412'; waited too long (yield), lane='42790161#2_1', time=2765.00.
Warning: Vehicle '1412' ends teleporting on edge '623540942#0', time=2765.00.
Warning: Vehicle '317' ends teleporting on edge '4761588#1', time=2784.00.
Warning: Teleporting vehicle '958'; waited too long (yield), lane='380081149#1_0', time=2909.00.
Warning: Teleporting vehicle '1262'; waited too long (jam), lane='380081149#0_0', time=2932.00.
Warning: Teleporting vehicle '412'; waited too long (yield), lane='-621271003_0', time=2936.00.
Warning: Teleporting vehicle '288'; waited too long (yield), lane='42790161#2_2', time=2976.00.
Warning: Vehicle '412' ends teleporting on edge '4761588#1', time=3005.00.
Warning: Teleporting vehicle '129'; waited too long (yield), lane='621271001_0', time=3019.00.
Warning: Teleporting vehicle '740'; waited too long (yield), lane='622835372_2', time=3027.00.
Warning: Teleporting vehicle '1782'; waited too long (yield), lane='42790161#2_1', time=3072.00.
Warning: Vehicle '1782' ends teleporting on edge '623540942#0', time=3072.00.
Warning: Teleporting vehicle '323'; waited too long (yield), lane='623540942#0_2', time=3080.00.
Warning: Vehicle '1262' ends teleporting on edge '623540942#0', time=3091.00.
Warning: Vehicle '740' ends teleporting on edge '380081148#0', time=3096.00.
Warning: Vehicle '958' ends teleporting on edge '4761588#1', time=3110.00.
Warning: Teleporting vehicle '3252'; waited too long (yield), lane='42790161#2_0', time=3141.00.
Warning: Vehicle '3252' ends teleporting on edge '623540942#0', time=3141.00.
Warning: Vehicle '288' ends teleporting on edge '4761588#1', time=3177.00.
Warning: Vehicle '129' teleports beyond arrival edge '-7521008#1', time=3184.00.
Warning: Teleporting vehicle '978'; waited too long (jam), lane='380081149#1_0', time=3215.00.
Warning: Vehicle '978' ends teleporting on edge '623540942#0', time=3215.00.
Warning: Teleporting vehicle '1273'; waited too long (jam), lane='380081149#0_0', time=3235.00.
Warning: Teleporting vehicle '429'; waited too long (yield), lane='-621271003_0', time=3243.00.
Warning: Vehicle '323' teleports beyond arrival edge '-7521008#1', time=3245.00.
Warning: Teleporting vehicle '320'; waited too long (jam), lane='42790161#2_2', time=3281.00.
Warning: Teleporting vehicle '743'; waited too long (yield), lane='622835372_2', time=3332.00.
Warning: Vehicle '429' teleports beyond arrival edge '621271001', time=3379.00.
Warning: Teleporting vehicle '798'; waited too long (wrong lane), lane='623540942#0_1', time=3385.00.
Warning: Teleporting vehicle '771'; waited too long (yield), lane='623540942#0_2', time=3385.00.
Warning: Vehicle '1273' ends teleporting on edge '596638461#0', time=3394.00.
Warning: Teleporting vehicle '566'; waited too long (yield), lane='621271001_0', time=3415.00.
Warning: Teleporting vehicle '330'; waited too long (jam), lane='-621271001_0', time=3417.00.
Warning: Vehicle '320' ends teleporting on edge '-621271001', time=3417.00.
Warning: Teleporting vehicle '2097'; waited too long (yield), lane='42790161#2_1', time=3423.00.
Warning: Teleporting vehicle '287'; waited too long (yield), lane='1190301745#0_0', time=3428.00.
Warning: Teleporting vehicle '588'; waited too long (jam), lane='7521008#0_0', time=3430.00.
Warning: Teleporting vehicle '3333'; waited too long (jam), lane='42790161#2_0', time=3446.00.
Warning: Vehicle '330' teleports beyond arrival edge '-1190301745#0', time=3446.00.
Warning: Vehicle '3333' ends teleporting on edge '623540942#0', time=3446.00.
Warning: Vehicle '588' ends teleporting on edge '4761588#1', time=3448.00.
Warning: Vehicle '771' teleports beyond arrival edge '-621271001', time=3453.00.
Warning: Vehicle '798' teleports beyond arrival edge '-621271001', time=3453.00.
Warning: Vehicle '287' teleports beyond arrival edge '-1190301745#0', time=3457.00.
Warning: Teleporting vehicle '4042'; waited too long (jam), lane=':766056686_0_0', time=3459.00.
Warning: Vehicle '743' teleports beyond arrival edge '-621271001', time=3468.00.
Warning: Teleporting vehicle '139'; waited too long (yield), lane='-621271001_0', time=3474.00.
Warning: Vehicle '139' ends teleporting on edge '4761588#1', time=3474.00.
Warning: Vehicle '566' ends teleporting on edge '-621271001', time=3475.00.
Warning: Teleporting vehicle '4378'; waited too long (yield), lane='622835372_0', time=3478.00.
Warning: Vehicle '4378' ends teleporting on edge '-1190301745#0', time=3480.00.
Warning: Vehicle '4042' ends teleporting on edge '623540942#0', time=3515.00.
Warning: Teleporting vehicle '1010'; waited too long (jam), lane='380081149#1_0', time=3523.00.
Warning: Vehicle '2097' teleports beyond arrival edge '623540942#0', time=3523.00.
Warning: Teleporting vehicle '1295'; waited too long (jam), lane='380081149#0_0', time=3546.00.
Warning: Teleporting vehicle '331'; waited too long (yield), lane='42790161#2_2', time=3588.00.
Warning: Teleporting vehicle '71'; waited too long (jam), lane='42790161#2_2', time=380.00.
Warning: Teleporting vehicle '148'; waited too long (yield), lane='622835372_2', time=415.00.
Warning: Vehicle '148' teleports beyond arrival edge '621271001', time=483.00.
Warning: Teleporting vehicle '248'; waited too long (jam), lane='-621271003_0', time=509.00.
Warning: Teleporting vehicle '105'; waited too long (yield), lane='621271001_0', time=565.00.
Warning: Vehicle '248' teleports beyond arrival edge '-621271001', time=577.00.
Warning: Teleporting vehicle '226'; waited too long (yield), lane='1190301745#0_0', time=578.00.
Warning: Vehicle '71' ends teleporting on edge '4761588#1', time=581.00.
Warning: Teleporting vehicle '70'; waited too long (yield), lane='-621271001_0', time=586.00.
Warning: Vehicle '105' ends teleporting on edge '-621271001', time=586.00.
Warning: Teleporting vehicle '170'; waited too long (yield), lane='623540942#0_2', time=594.00.
Warning: Vehicle '170' ends teleporting on edge '-621271001', time=595.00.
Warning: Teleporting vehicle '615'; waited too long (yield), lane='42790161#2_0', time=629.00.
Warning: Vehicle '615' ends teleporting on edge '623540942#0', time=629.00.
Warning: Vehicle '226' ends teleporting on edge '380081148#0', time=647.00.
Warning: Teleporting vehicle '502'; waited too long (yield), lane='380081149#1_0', time=654.00.
Warning: Vehicle '70' teleports beyond arrival edge '621271001', time=654.00.
Warning: Vehicle '502' ends teleporting on edge '623540942#0', time=654.00.
Warning: Teleporting vehicle '68'; waited too long (yield), lane='42790161#2_2', time=684.00.
Warning: Teleporting vehicle '769'; waited too long (yield), lane='42790161#2_0', time=701.00.
Warning: Vehicle '769' ends teleporting on edge '623540942#0', time=701.00.
Warning: Teleporting vehicle '183'; waited too long (wrong lane), lane='623540942#0_1', time=898.00.
Warning: Teleporting vehicle '96'; waited too long (yield), lane='623540942#0_2', time=898.00.
Warning: Teleporting vehicle '298'; waited too long (yield), lane='-621271003_0', time=909.00.
Warning: Teleporting vehicle '253'; waited too long (yield), lane='1190301745#0_0', time=931.00.
Warning: Teleporting vehicle '302'; waited too long (jam), lane='7521008#0_0', time=934.00.
Warning: Vehicle '302' ends teleporting on edge '1190301745#0', time=936.00.
Warning: Teleporting vehicle '802'; waited too long (jam), lane='42790161#2_1', time=937.00.
Warning: Vehicle '802' ends teleporting on edge '623540942#0', time=937.00.
Warning: Vehicle '68' teleports beyond arrival edge '-1190301745#0', time=952.00.
Warning: Teleporting vehicle '129'; waited too long (yield), lane='621271001_0', time=977.00.
Warning: Vehicle '96' ends teleporting on edge '-1190301745#0', time=977.00.
Warning: Vehicle '253' ends teleporting on edge '621271001', time=977.00.
Warning: Vehicle '298' ends teleporting on edge '4761588#1', time=978.00.
Warning: Teleporting vehicle '45'; waited too long (yield), lane='-621271001_0', time=983.00.
Warning: Vehicle '129' ends teleporting on edge '-621271001', time=983.00.
Warning: Teleporting vehicle '174'; waited too long (jam), lane='622835372_2', time=985.00.
Warning: Teleporting vehicle '83'; waited too long (jam), lane='42790161#2_2', time=1029.00.
Warning: Vehicle '174' ends teleporting on edge '380081148#0', time=1033.00.
Warning: Vehicle '183' teleports beyond arrival edge '-7521008#1', time=1063.00.
Warning: Teleporting vehicle '97'; waited too long (yield), lane='623540942#0_2', time=1204.00.
Warning: Teleporting vehicle '300'; waited too long (jam), lane='-621271003_0', time=1213.00.
Warning: Teleporting vehicle '880'; waited too long (yield), lane='42790161#2_1', time=1242.00.
Warning: Vehicle '880' ends teleporting on edge '623540942#0', time=1242.00.
Warning: Teleporting vehicle '406'; waited too long (jam), lane='7521008#0_0', time=1245.00.
Warning: Teleporting vehicle '548'; waited too long (yield), lane='380081149#1_0', time=1270.00.
Warning: Vehicle '548' ends teleporting on edge '623540942#0', time=1270.00.
Warning: Vehicle '97' teleports beyond arrival edge '-621271001', time=1272.00.
Warning: Vehicle '406' ends teleporting on edge '4761588#1', time=1275.00.
Warning: Teleporting vehicle '129'; waited too long (jam), lane='-621271001_0', time=1284.00.
Warning: Vehicle '45' teleports beyond arrival edge '1190301745#0', time=1284.00.
Warning: Teleporting vehicle '1229'; waited too long (yield), lane='622835372_0', time=1289.00.
Warning: Teleporting vehicle '299'; waited too long (yield), lane='1190301745#0_0', time=1298.00.
Warning: Teleporting vehicle '1018'; waited too long (yield), lane='42790161#2_0', time=1317.00.
Warning: Vehicle '1018' ends teleporting on edge '623540942#0', time=1317.00.
Warning: Vehicle '83' teleports beyond arrival edge '-7521008#1', time=1326.00.
Warning: Teleporting vehicle '91'; waited too long (yield), lane='42790161#2_2', time=1334.00.
Warning: Teleporting vehicle '240'; waited too long (jam), lane='622835372_2', time=1341.00.
Warning: Vehicle '129' teleports beyond arrival edge '-7521008#1', time=1342.00.
Warning: Vehicle '299' ends teleporting on edge '621271003', time=1367.00.
Warning: Vehicle '300' teleports beyond arrival edge '-7521008#1', time=1378.00.
Warning: Vehicle '240' ends teleporting on edge '621271003', time=1410.00.
Warning: Teleporting vehicle '207'; waited too long (wrong lane), lane='623540942#0_1', time=1507.00.
Warning: Teleporting vehicle '229'; waited too long (wrong lane), lane='623540942#0_1', time=1509.00.
Warning: Teleporting vehicle '41'; waited too long (yield), lane='623540942#0_2', time=1509.00.
Warning: Teleporting vehicle '526'; waited too long (wrong lane), lane='623540942#0_0', time=1515.00.
Warning: Vehicle '1229' teleports beyond arrival edge '1190301745#0', time=1583.00.
Warning: Vehicle '91' teleports beyond arrival edge '-1190301745#0', time=1602.00.
Warning: Teleporting vehicle '266'; waited too long (yield), lane='-621271001_0', time=1605.00.
Warning: Teleporting vehicle '433'; waited too long (jam), lane='7521008#0_0', time=1608.00.
Warning: Teleporting vehicle '429'; waited too long (yield), lane='-621271003_0', time=1611.00.
Warning: Vehicle '229' ends teleporting on edge '621271001', time=1625.00.
Warning: Vehicle '433' teleports beyond arrival edge '1190301745#0', time=1637.00.
Warning: Vehicle '41' teleports beyond arrival edge '-1190301745#0', time=1645.00.
Warning: Teleporting vehicle '268'; waited too long (yield), lane='622835372_2', time=1647.00.
Warning: Vehicle '526' ends teleporting on edge '-1190301745#0', time=1650.00.
Warning: Teleporting vehicle '1315'; waited too long (yield), lane='622835372_0', time=1654.00.
Warning: Teleporting vehicle '302'; waited too long (yield), lane='1190301745#0_0', time=1657.00.
Warning: Vehicle '268' ends teleporting on edge '621271001', time=1659.00.
Warning: Vehicle '266' teleports beyond arrival edge '-7521008#1', time=1663.00.
Warning: Vehicle '302' ends teleporting on edge '621271001', time=1664.00.
Warning: Vehicle '207' teleports beyond arrival edge '-7521008#1', time=1672.00.
Warning: Vehicle '429' teleports beyond arrival edge '621271001', time=1747.00.
Warning: Teleporting vehicle '112'; waited too long (jam), lane='623540942#0_2', time=1920.00.
Warning: Teleporting vehicle '149'; waited too long (jam), lane='42790161#2_2', time=1929.00.
Warning: Teleporting vehicle '2097'; waited too long (yield), lane='42790161#2_0', time=1935.00.
Warning: Vehicle '2097' ends teleporting on edge '623540942#0', time=1935.00.
Warning: Vehicle '1315' teleports beyond arrival edge '1190301745#0', time=1950.00.
Warning: Teleporting vehicle '304'; waited too long (yield), lane='-621271001_0', time=1956.00.
Warning: Vehicle '112' ends teleporting on edge '-621271001', time=1956.00.
Warning: Teleporting vehicle '463'; waited too long (yield), lane='-621271003_0', time=1965.00.
Warning: Vehicle '304' teleports beyond arrival edge '-1190301745#0', time=1985.00.
Warning: Vehicle '463' ends teleporting on edge '-1190301745#0', time=2059.00.
Warning: Vehicle '149' teleports beyond arrival edge '-1190301745#0', time=2197.00.
Warning: Teleporting vehicle '329'; waited too long (wrong lane), lane='623540942#0_1', time=2225.00.
Warning: Teleporting vehicle '301'; waited too long (jam), lane='623540942#0_2', time=2225.00.
Warning: Teleporting vehicle '153'; waited too long (yield), lane='42790161#2_2', time=2233.00.
Warning: Teleporting vehicle '2299'; waited too long (yield), lane='42790161#2_0', time=2239.00.
Warning: Vehicle '2299' ends teleporting on edge '623540942#0', time=2239.00.
Warning: Teleporting vehicle '1412'; waited too long (yield), lane='42790161#2_1', time=2244.00.
Warning: Vehicle '1412' ends teleporting on edge '623540942#0', time=2244.00.
Warning: Teleporting vehicle '646'; waited too long (yield), lane='380081149#1_0', time=2249.00.
Warning: Vehicle '646' ends teleporting on edge '623540942#0', time=2249.00.
Warning: Teleporting vehicle '464'; waited too long (jam), lane='-621271003_0', time=2270.00.
Warning: Teleporting vehicle '881'; waited too long (jam), lane='380081149#0_0', time=2270.00.
Warning: Teleporting vehicle '566'; waited too long (yield), lane='622835372_2', time=2279.00.
Warning: Teleporting vehicle '353'; waited too long (yield), lane='-621271001_0', time=2294.00.
Warning: Vehicle '464' ends teleporting on edge '-621271001', time=2294.00.
Warning: Teleporting vehicle '322'; waited too long (yield), lane='621271001_0', time=2308.00.
Warning: Vehicle '566' ends teleporting on edge '621271001', time=2308.00.
Warning: Teleporting vehicle '340'; waited too long (jam), lane='621271001_0', time=2350.00.
Warning: Vehicle '340' teleports beyond arrival edge '621271001', time=2350.00.
Warning: Vehicle '322' teleports beyond arrival edge '-621271001', time=2376.00.
Warning: Vehicle '301' ends teleporting on edge '-7521008#1', time=2387.00.
Warning: Vehicle '881' ends teleporting on edge '623540942#0', time=2486.00.
Warning: Vehicle '153' teleports beyond arrival edge '-7521008#1', time=2530.00.
Warning: Teleporting vehicle '473'; waited too long (jam), lane='-621271003_0', time=2574.00.
Warning: Teleporting vehicle '274'; waited too long (yield), lane='42790161#2_2', time=2584.00.
Warning: Vehicle '353' teleports beyond arrival edge '1190301745#0', time=2608.00.
Warning: Vehicle '329' teleports beyond arrival edge '1190301745#0', time=2632.00.
Warning: Teleporting vehicle '688'; waited too long (yield), lane='1190301745#0_0', time=2668.00.
Warning: Teleporting vehicle '753'; waited too long (jam), lane='7521008#0_0', time=2671.00.
Warning: Teleporting vehicle '197'; waited too long (yield), lane='621271001_0', time=2706.00.
Warning: Vehicle '688' ends teleporting on edge '621271001', time=2706.00.
Warning: Teleporting vehicle '796'; waited too long (yield), lane='622835372_2', time=2717.00.
Warning: Teleporting vehicle '2475'; waited too long (yield), lane='622835372_0', time=2723.00.
Warning: Vehicle '473' teleports beyond arrival edge '-7521008#1', time=2739.00.
Warning: Teleporting vehicle '204'; waited too long (yield), lane='621271001_0', time=2741.00.
Warning: Vehicle '796' ends teleporting on edge '621271001', time=2742.00.
Warning: Vehicle '2475' teleports beyond arrival edge '-1190301745#0', time=2752.00.
Warning: Teleporting vehicle '166'; waited too long (yield), lane='-621271001_0', time=2753.00.
Warning: Vehicle '197' ends teleporting on edge '-621271001', time=2753.00.
Warning: Teleporting vehicle '139'; waited too long (yield), lane='623540942#0_2', time=2764.00.
Warning: Vehicle '753' teleports beyond arrival edge '-621271001', time=2784.00.
Warning: Teleporting vehicle '566'; waited too long (jam), lane='-621271001_0', time=2796.00.
Warning: Vehicle '566' teleports beyond arrival edge '-621271001', time=2796.00.
Warning: Vehicle '139' ends teleporting on edge '-621271001', time=2797.00.
Warning: Vehicle '204' ends teleporting on edge '4761588#1', time=2810.00.
Warning: Vehicle '166' teleports beyond arrival edge '621271001', time=2812.00.
Warning: Vehicle '274' teleports beyond arrival edge '621271001', time=2852.00.
Warning: Teleporting vehicle '514'; waited too long (yield), lane='-621271003_0', time=2879.00.
Warning: Teleporting vehicle '288'; waited too long (jam), lane='42790161#2_2', time=2889.00.
Warning: Vehicle '514' ends teleporting on edge '4761588#1', time=2948.00.
Warning: Teleporting vehicle '773'; waited too long (jam), lane='7521008#0_0', time=2979.00.
Warning: Teleporting vehicle '692'; waited too long (yield), lane='1190301745#0_0', time=3008.00.
Warning: Vehicle '773' ends teleporting on edge '1190301745#0', time=3008.00.
Warning: Teleporting vehicle '5276'; waited too long (yield), lane='42790161#2_0', time=3017.00.
Warning: Vehicle '5276' ends teleporting on edge '623540942#0', time=3017.00.
Warning: Teleporting vehicle '4199'; waited too long (yield), lane='42790161#2_1', time=3018.00.
Warning: Vehicle '4199' ends teleporting on edge '623540942#0', time=3018.00.
Warning: Teleporting vehicle '233'; waited too long (yield), lane='621271001_0', time=3050.00.
Warning: Vehicle '692' ends teleporting on edge '621271001', time=3050.00.
Warning: Teleporting vehicle '866'; waited too long (jam), lane='622835372_2', time=3056.00.
Warning: Vehicle '233' ends teleporting on edge '-621271001', time=3077.00.
Warning: Vehicle '288' ends teleporting on edge '4761588#1', time=3090.00.
Warning: Teleporting vehicle '276'; waited too long (yield), lane='621271001_0', time=3113.00.
Warning: Vehicle '866' ends teleporting on edge '621271001', time=3122.00.
Warning: Vehicle '276' ends teleporting on edge '4761588#1', time=3182.00.
Warning: Teleporting vehicle '517'; waited too long (yield), lane='-621271003_0', time=3185.00.
Warning: Teleporting vehicle '320'; waited too long (yield), lane='42790161#2_2', time=3194.00.
Warning: Teleporting vehicle '833'; waited too long (jam), lane='7521008#0_0', time=3320.00.
Warning: Vehicle '517' ends teleporting on edge '-7521008#1', time=3342.00.
Warning: Teleporting vehicle '2660'; waited too long (yield), lane='622835372_0', time=3362.00.
Warning: Vehicle '320' ends teleporting on edge '-1190301745#0', time=3365.00.
Warning: Teleporting vehicle '744'; waited too long (yield), lane='1190301745#0_0', time=3367.00.
Warning: Teleporting vehicle '262'; waited too long (yield), lane='-621271001_0', time=3382.00.
Warning: Vehicle '833' ends teleporting on edge '-621271001', time=3382.00.
Warning: Teleporting vehicle '423'; waited too long (yield), lane='623540942#0_2', time=3392.00.
Warning: Vehicle '2660' ends teleporting on edge '-7521008#1', time=3394.00.
Warning: Vehicle '262' ends teleporting on edge '621271001', time=3396.00.
Warning: Vehicle '744' teleports beyond arrival edge '621271001', time=3435.00.
Warning: Vehicle '423' ends teleporting on edge '-621271001', time=3441.00.
Warning: Teleporting vehicle '5457'; waited too long (yield), lane='42790161#2_0', time=3486.00.
Warning: Vehicle '5457' ends teleporting on edge '623540942#0', time=3486.00.
Warning: Teleporting vehicle '519'; waited too long (yield), lane='-621271003_0', time=3489.00.
Warning: Teleporting vehicle '978'; waited too long (jam), lane='380081149#1_0', time=3508.00.
Warning: Vehicle '978' ends teleporting on edge '623540942#0', time=3508.00.
Warning: Teleporting vehicle '1271'; waited too long (jam), lane='380081149#0_0', time=3531.00.
Warning: Vehicle '519' ends teleporting on edge '4761588#1', time=3558.00.
Warning: Teleporting vehicle '161'; waited too long (jam), lane='-621271003_0', time=390.00.
Warning: Teleporting vehicle '148'; waited too long (yield), lane='622835372_2', time=415.00.
Warning: Vehicle '161' ends teleporting on edge '4761588#1', time=459.00.
Warning: Teleporting vehicle '125'; waited too long (yield), lane='1190301745#0_0', time=464.00.
Warning: Vehicle '148' teleports beyond arrival edge '621271001', time=483.00.
Warning: Teleporting vehicle '142'; waited too long (yield), lane='-621271001_0', time=499.00.
Warning: Teleporting vehicle '229'; waited too long (wrong lane), lane='623540942#0_1', time=505.00.
Warning: Teleporting vehicle '8'; waited too long (jam), lane='623540942#0_2', time=507.00.
Warning: Teleporting vehicle '133'; waited too long (yield), lane='621271001_0', time=511.00.
Warning: Vehicle '125' ends teleporting on edge '621271001', time=511.00.
Warning: Teleporting vehicle '65'; waited too long (yield), lane='621271001_0', time=545.00.
Warning: Vehicle '65' ends teleporting on edge '621271003', time=545.00.
Warning: Vehicle '142' ends teleporting on edge '621271001', time=546.00.
Warning: Vehicle '133' teleports beyond arrival edge '-621271001', time=579.00.
Warning: Vehicle '8' ends teleporting on edge '-1190301745#0', time=583.00.
Warning: Vehicle '229' teleports beyond arrival edge '621271001', time=641.00.
Warning: Teleporting vehicle '162'; waited too long (yield), lane='-621271003_0', time=694.00.
Warning: Vehicle '162' ends teleporting on edge '4761588#1', time=763.00.
Warning: Teleporting vehicle '493'; waited too long (yield), lane='380081149#1_0', time=832.00.
Warning: Vehicle '493' ends teleporting on edge '623540942#0', time=832.00.
Warning: Teleporting vehicle '105'; waited too long (yield), lane='621271001_0', time=853.00.
Warning: Teleporting vehicle '676'; waited too long (jam), lane='380081149#0_0', time=853.00.
Warning: Teleporting vehicle '91'; waited too long (yield), lane='42790161#2_2', time=854.00.
Warning: Teleporting vehicle '174'; waited too long (yield), lane='622835372_2', time=860.00.
Warning: Teleporting vehicle '615'; waited too long (yield), lane='42790161#2_0', time=879.00.
Warning: Vehicle '615' ends teleporting on edge '623540942#0', time=879.00.
Warning: Teleporting vehicle '262'; waited too long (wrong lane), lane='623540942#0_1', time=898.00.
Warning: Teleporting vehicle '41'; waited too long (yield), lane='623540942#0_2', time=898.00.
Warning: Vehicle '91' ends teleporting on edge '623540942#0', time=898.00.
Warning: Teleporting vehicle '301'; waited too long (wrong lane), lane='623540942#0_1', time=899.00.
Warning: Vehicle '105' teleports beyond arrival edge '-621271001', time=921.00.
Warning: Teleporting vehicle '427'; waited too long (wrong lane), lane='623540942#0_0', time=927.00.
Warning: Vehicle '174' ends teleporting on edge '380081148#0', time=929.00.
Warning: Vehicle '41' ends teleporting on edge '-621271001', time=931.00.
Warning: Teleporting vehicle '802'; waited too long (jam), lane='42790161#2_1', time=934.00.
Warning: Vehicle '802' ends teleporting on edge '623540942#0', time=934.00.
Warning: Teleporting vehicle '202'; waited too long (jam), lane='-621271003_0', time=999.00.
Warning: Vehicle '676' ends teleporting on edge '596638461#0', time=1012.00.
Warning: Vehicle '262' teleports beyond arrival edge '621271001', time=1034.00.
Warning: Vehicle '427' teleports beyond arrival edge '-1190301745#0', time=1063.00.
Warning: Vehicle '301' teleports beyond arrival edge '-7521008#1', time=1064.00.
Warning: Vehicle '202' teleports beyond arrival edge '-621271001', time=1067.00.
Warning: Teleporting vehicle '502'; waited too long (jam), lane='380081149#1_0', time=1137.00.
Warning: Vehicle '502' ends teleporting on edge '623540942#0', time=1137.00.
Warning: Teleporting vehicle '723'; waited too long (jam), lane='380081149#0_0', time=1158.00.
Warning: Teleporting vehicle '206'; waited too long (yield), lane='622835372_2', time=1167.00.
Warning: Teleporting vehicle '247'; waited too long (yield), lane='1190301745#0_0', time=1172.00.
Warning: Teleporting vehicle '621'; waited too long (jam), lane='42790161#2_0', time=1185.00.
Warning: Vehicle '621' ends teleporting on edge '623540942#0', time=1185.00.
Warning: Teleporting vehicle '1453'; waited too long (jam), lane=':766056686_0_0', time=1197.00.
Warning: Teleporting vehicle '91'; waited too long (yield), lane='623540942#0_2', time=1199.00.
Warning: Teleporting vehicle '108'; waited too long (yield), lane='621271001_0', time=1206.00.
Warning: Vehicle '206' ends teleporting on edge '621271001', time=1206.00.
Warning: Teleporting vehicle '119'; waited too long (jam), lane='42790161#2_2', time=1210.00.
Warning: Teleporting vehicle '26'; waited too long (jam), lane='-621271001_0', time=1217.00.
Warning: Teleporting vehicle '1360'; waited too long (yield), lane='622835372_0', time=1221.00.
Warning: Vehicle '26' ends teleporting on edge '-1190301745#0', time=1221.00.
Warning: Vehicle '1360' ends teleporting on edge '-1190301745#0', time=1223.00.
Warning: Vehicle '119' ends teleporting on edge '623540942#0', time=1230.00.
Warning: Teleporting vehicle '451'; waited too long (wrong lane), lane='623540942#0_0', time=1236.00.
Warning: Teleporting vehicle '872'; waited too long (yield), lane='42790161#2_0', time=1239.00.
Warning: Vehicle '872' ends teleporting on edge '623540942#0', time=1239.00.
Warning: Vehicle '247' teleports beyond arrival edge '621271001', time=1240.00.
Warning: Vehicle '1453' teleports beyond arrival edge '42790161#2', time=1252.00.
Warning: Vehicle '723' ends teleporting on edge '380081149#1', time=1256.00.
Warning: Teleporting vehicle '649'; waited too long (jam), lane='42790161#2_0', time=1262.00.
Warning: Vehicle '649' ends teleporting on edge '623540942#0', time=1262.00.
Warning: Teleporting vehicle '111'; waited too long (yield), lane='621271001_0', time=1263.00.
Warning: Vehicle '111' ends teleporting on edge '380081148#0', time=1263.00.
Warning: Vehicle '108' ends teleporting on edge '-621271001', time=1273.00.
Warning: Vehicle '451' teleports beyond arrival edge '-621271001', time=1304.00.
Warning: Teleporting vehicle '248'; waited too long (yield), lane='-621271003_0', time=1305.00.
Warning: Vehicle '91' teleports beyond arrival edge '-1190301745#0', time=1335.00.
Warning: Vehicle '248' teleports beyond arrival edge '-621271001', time=1373.00.
Warning: Teleporting vehicle '228'; waited too long (jam), lane='622835372_2', time=1471.00.
Warning: Teleporting vehicle '299'; waited too long (jam), lane='7521008#0_0', time=1487.00.
Warning: Teleporting vehicle '253'; waited too long (yield), lane='1190301745#0_0', time=1512.00.
Warning: Vehicle '299' ends teleporting on edge '1190301745#0', time=1512.00.
Warning: Teleporting vehicle '234'; waited too long (jam), lane='1190301745#0_0', time=1513.00.
Warning: Vehicle '234' ends teleporting on edge '4761588#1', time=1513.00.
Warning: Teleporting vehicle '149'; waited too long (yield), lane='42790161#2_2', time=1518.00.
Warning: Teleporting vehicle '1373'; waited too long (yield), lane='622835372_0', time=1527.00.
Warning: Teleporting vehicle '421'; waited too long (wrong lane), lane='623540942#0_1', time=1530.00.
Warning: Teleporting vehicle '158'; waited too long (yield), lane='623540942#0_2', time=1531.00.
Warning: Vehicle '149' ends teleporting on edge '623540942#0', time=1531.00.
Warning: Teleporting vehicle '329'; waited too long (wrong lane), lane='623540942#0_1', time=1540.00.
Warning: Vehicle '228' ends teleporting on edge '621271003', time=1540.00.
Error: tcpip::Socket::recvAndCheck @ recv: Socket reset by peer
Quitting (on error).
